"","p_val","avg_log2FC","pct.1","pct.2","p_val_adj"
"Cd7",6.60923099409184e-128,1.56666151551696,0.996,0.921,1.10440249911275e-123
"Gzmb",1.45011218055921e-97,3.09261308164972,0.845,0.28,2.42313745371444e-93
"Tyrobp",2.22450204933482e-81,1.81693303203189,0.845,0.315,3.71714292443848e-77
"Gzma",5.81488752390251e-80,3.12423130685387,0.691,0.151,9.7166770524411e-76
"Frmd5",4.67767731512628e-79,1.59340930831462,0.677,0.127,7.81639879357602e-75
"Serpinb6b",3.53309551188515e-68,1.10232065232849,0.873,0.385,5.90380260036008e-64
"Tnfrsf9",4.9037175379362e-60,1.03412369296727,0.998,0.873,8.19411200589139e-56
"Cd200r4",4.57218704001656e-57,0.890860336611312,0.775,0.291,7.64012454386767e-53
"Ccl5",1.55031352574412e-54,1.20922594476681,0.98,0.72,2.59057390151843e-50
"Gzmc",8.92377649321587e-53,2.74119988606037,0.51,0.09,1.49116305201637e-48
"Itgae",1.3339528733119e-52,1.08967197982735,0.884,0.503,2.22903525130418e-48
"Slc26a10",6.55502706116227e-52,0.870505245599742,0.781,0.335,1.09534502192021e-47
"Sult2b1",1.14727239105789e-51,0.728066005315777,0.952,0.604,1.91709216545774e-47
"Cd200r2",1.23666204964241e-50,1.16507183715161,0.665,0.217,2.06646228495246e-46
"Il2rb",3.29749070997449e-50,0.631496288129793,1,0.965,5.51010697636738e-46
"Cd244a",1.45339212885454e-49,0.788431286567461,0.948,0.635,2.42861824731594e-45
"C1qtnf6",3.15274928416764e-48,0.985828663512274,0.743,0.328,5.26824405384413e-44
"Ostf1",2.18431279896321e-46,0.628121971041005,0.996,0.913,3.64998668706753e-42
"Spp1",3.81847243067324e-46,1.4722755574963,0.918,0.641,6.38066743165498e-42
"Ncoa3",2.16877790231201e-44,0.860255844415185,0.882,0.538,3.62402787476337e-40
"Serpinb9",7.94166392980195e-44,0.905596558225644,0.809,0.409,1.32705204266991e-39
"Fgl2",4.06627534117491e-43,0.908825885655048,0.92,0.654,6.79474609510328e-39
"Rgs1",3.70921566208716e-41,0.941353372808672,0.986,0.877,6.19809937134765e-37
"Sulf2",8.13385335105516e-40,0.823116994769118,0.685,0.297,1.35916689496132e-35
"Dtx1",1.30578446333598e-37,0.6429255217676,0.466,0.112,2.18196583823442e-33
"Cnih2",6.90650523245047e-37,0.572086658144734,0.394,0.07,1.15407702434247e-32
"Cd3g",1.95857900479441e-36,0.543279026630984,0.996,0.983,3.27278551701147e-32
"Dock5",9.49488180964927e-33,0.498962060235754,0.799,0.438,1.58659475039239e-28
"Nedd9",1.01069449407245e-32,0.557403113201157,1,0.899,1.68887049959507e-28
"Snx18",1.54317732647533e-32,0.643993489401058,0.829,0.51,2.57864931254028e-28
"Klra5",2.97901831598837e-32,1.1189923631619,0.663,0.308,4.97793960601657e-28
"Sh3kbp1",3.33654135498063e-32,-0.841122124471654,0.211,0.521,5.57536060417262e-28
"Itga1",4.16865075555113e-31,0.613516481723404,0.865,0.564,6.96581541252594e-27
"Tsga10",8.6548642970655e-30,0.557463268159368,0.59,0.241,1.44622782403965e-25
"Htra3",1.17230673939551e-29,0.545602911573169,0.333,0.061,1.95892456152989e-25
"Rnf180",2.53449922071119e-29,0.786829997756493,0.404,0.103,4.2351481978084e-25
"Tmem273",1.42564707173085e-28,0.481185334815075,0.819,0.492,2.38225625686225e-24
"Prf1",3.20003854826218e-28,0.664937095006908,0.624,0.285,5.3472644141461e-24
"Itih5",3.42503423987054e-28,0.488950863533229,0.851,0.541,5.72323221482367e-24
"Il12rb2",1.24687228703505e-27,0.489186293174114,0.789,0.459,2.08352359163556e-23
"Glis1",2.56434472567104e-27,0.921119652559926,0.414,0.118,4.28502003659631e-23
"Fcgr3",3.16523838763247e-27,0.447791696229144,0.317,0.061,5.28911334573386e-23
"Emid1",6.75029889844141e-27,0.594004804444268,0.743,0.418,1.12797494592956e-22
"Sft2d2",7.14682289586299e-27,0.52842445324366,0.743,0.416,1.19423410589871e-22
"Ubash3a",1.41849081895679e-26,-0.55886295299358,0.102,0.361,2.37029815847679e-22
"Pik3cb",1.60355936013705e-26,0.47364211709208,0.488,0.175,2.67954769078901e-22
"Pag1",1.70159775967452e-26,0.631862486838184,0.566,0.239,2.84336985641612e-22
"Car2",3.62538531391455e-26,0.52048859653981,0.948,0.764,6.05801885955122e-22
"Cd200r1",8.59907391728369e-26,0.497712200285159,0.843,0.547,1.4369052515781e-21
"Plcg2",9.27253592273363e-26,0.532440520670985,0.49,0.182,1.54944075268879e-21
"Glp1r",1.77171806810946e-25,0.452558175500283,0.787,0.471,2.96054089181091e-21
"Arhgap15",5.77015364701619e-25,-0.802697823915627,0.596,0.788,9.64192674416406e-21
"Hacd3",6.36351204287746e-25,0.455325449448673,0.833,0.536,1.06334286236482e-20
"Vim",7.85053948527743e-25,-0.679949876901015,0.861,0.871,1.31182514798986e-20
"Slc16a10",1.50278161295376e-24,0.486625246144591,0.414,0.131,2.51114807524573e-20
"Igha",1.64633194773619e-24,0.342584101395632,0.492,0.197,2.75102068466717e-20
"Bmp7",2.18103681121132e-24,0.414869328007663,0.275,0.048,3.64451251153411e-20
"Nrp2",2.42070529573612e-24,0.658609544489022,0.295,0.059,4.04499854917506e-20
"Tmem98",6.32009449411287e-24,0.452512773244618,0.233,0.029,1.05608778996626e-19
"Runx1",7.38680171069886e-24,0.552293262313274,0.462,0.169,1.23433456585778e-19
"Tcf7",1.06055050984175e-23,-0.78981937670944,0.072,0.302,1.77217990194557e-19
"Zdhhc14",1.20046499526814e-23,0.418399990822062,0.677,0.361,2.00597700709306e-19
"Lzts1",1.30438896942492e-23,0.48897860004766,0.608,0.295,2.17963396790904e-19
"Coq8b",1.79917604141681e-23,0.489256488430749,0.586,0.278,3.0064231652075e-19
"Tex2",1.87928884198694e-23,0.557146526223355,0.837,0.573,3.14029165496017e-19
"Mfsd10",1.93561931259245e-23,0.512607287569614,0.651,0.344,3.23441987134199e-19
"Trerf1",2.06012712113654e-23,0.437980659426341,0.747,0.438,3.44247241941916e-19
"Sytl3",2.56243529738872e-23,0.476180460735156,0.765,0.462,4.28182938193655e-19
"Itgav",4.34502981484498e-23,0.391821497149383,0.986,0.843,7.26054482060596e-19
"Itgb3",5.70895580061053e-23,0.546324713431749,0.582,0.276,9.5396651428202e-19
"Ltb",6.82025263069036e-23,-0.533179438500129,0.954,0.954,1.13966421458836e-18
"Sipa1l1",6.9593105602753e-23,0.457200144681128,0.92,0.698,1.162900794622e-18
"Lgals3",7.50979066695565e-23,0.446959151194295,0.986,0.878,1.25488602044829e-18
"Txk",8.79372508998226e-23,0.402959246370695,0.902,0.654,1.46943146253604e-18
"Rhoc",1.43234116683603e-22,0.320551903883983,0.574,0.276,2.393442089783e-18
"Itgal",1.90307244713156e-22,-0.640858717797671,0.235,0.49,3.18003405915683e-18
"Socs2",2.07656027233424e-22,0.520769990742065,0.554,0.256,3.46993221507052e-18
"2900026A02Rik",2.64093407592554e-22,0.424172503121332,0.791,0.499,4.41300084087157e-18
"Bcl11b",6.35107448737092e-22,-0.667953618856961,0.153,0.387,1.06126454683968e-17
"Il18r1",8.61357039550134e-22,-0.806306549136356,0.108,0.298,1.43932761308827e-17
"Gas5",8.82069146496542e-22,-0.360957752605223,0.839,0.779,1.47393754379572e-17
"Psmb8",9.17874446281372e-22,-0.343769786189682,0.982,0.936,1.53376819973617e-17
"Cd5",9.34307616399877e-22,-0.798898899212362,0.076,0.282,1.56122802700419e-17
"Bcl2l15",1.05582202316527e-21,0.437465650898817,0.319,0.083,1.76427860070917e-17
"Ccr8",1.14272519298655e-21,-0.523616777530948,0.018,0.19,1.90949379748052e-17
"Lgals1",1.42319173768479e-21,-0.93413380542632,0.245,0.525,2.37815339367128e-17
"Sh2d1b1",1.83296803105113e-21,0.366023856018491,0.367,0.114,3.06288957988644e-17
"Galnt18",1.94133820478984e-21,0.57437569463816,0.44,0.166,3.24397614020383e-17
"Entpd1",2.77799760888882e-21,0.442249223338508,0.813,0.538,4.64203400445321e-17
"Pde7b",4.0790856019464e-21,0.439840237725041,0.289,0.072,6.81615204085243e-17
"Myo1e",6.3538598705794e-21,0.511172455537511,0.807,0.536,1.06172998437382e-16
"Epas1",1.01227445949852e-20,0.442654453400008,0.392,0.134,1.69151062182202e-16
"Rnf130",1.18844772832154e-20,0.359239465182622,0.631,0.337,1.98589615402529e-16
"Plcxd2",1.99146504565781e-20,0.55720518715348,0.741,0.466,3.3277380912942e-16
"Pygl",2.21946800293361e-20,0.425063715087134,0.616,0.324,3.70873103290206e-16
"Emilin2",4.0192609763103e-20,0.379595131048178,0.486,0.21,6.71618509141452e-16
"Inpp4b",4.6588299134e-20,-0.524127640351604,0.96,0.937,7.7849047852914e-16
"Ctsa",5.01217944755271e-20,0.408528552680952,0.859,0.61,8.37535185686057e-16
"Trav7-5",6.52649416285714e-20,0.970232091178359,0.203,0.028,1.09057717461343e-15
"Cd6",8.06493013297392e-20,-0.760996410190222,0.347,0.584,1.34764982521994e-15
"Gsap",8.70231869185008e-20,0.388001603488861,0.55,0.267,1.45415745340815e-15
"Prr5",9.2717226072947e-20,0.372955043022566,0.329,0.098,1.54930484767894e-15
"Pde3b",1.21934054033413e-19,0.353842264552291,0.94,0.737,2.03751804289833e-15
"Grk6",1.4812053985971e-19,0.454618432559387,0.886,0.694,2.47509422105575e-15
"Metrnl",1.67476635583959e-19,0.457394718405413,0.59,0.306,2.79853458060795e-15
"Rin3",1.79707757722318e-19,0.255031140842762,0.781,0.514,3.00291663153993e-15
"Lat2",2.19409423052306e-19,0.369492340803588,0.767,0.492,3.66633145920403e-15
"Abcb1a",2.3044548980959e-19,0.471021710487775,0.849,0.606,3.85074413471825e-15
"1810041H14Rik",3.17897192034414e-19,0.359292247147231,0.382,0.136,5.31206207889506e-15
"Ppp1r3b",4.58791604078894e-19,0.310733252009811,0.641,0.363,7.66640770415832e-15
"Dock8",5.49208062695185e-19,0.446974049242385,0.974,0.86,9.17726672763654e-15
"Ak2",6.07517478142507e-19,0.340423029618277,0.851,0.604,1.01516170597613e-14
"Cst7",7.7559176177911e-19,0.389912908822644,0.982,0.886,1.29601383393289e-14
"Mbd2",9.7877805620877e-19,0.395141989863595,0.95,0.821,1.63553813192485e-14
"Arap3",1.00638186690077e-18,0.315957765462301,0.639,0.361,1.68166409959118e-14
"S100a1",1.02964789260462e-18,0.428737361492407,0.466,0.203,1.72054162854232e-14
"Zdhhc18",1.16613991103443e-18,0.378691680886322,0.98,0.862,1.94861979133853e-14
"Ehd1",1.17884349314874e-18,0.294662822530435,0.835,0.582,1.96984747705154e-14
"Park7",1.27542807847742e-18,-0.534764164119784,0.462,0.619,2.13124031913577e-14
"Ntan1",2.9325812716016e-18,0.373241508049308,0.888,0.665,4.90034330484627e-14
"Slamf7",3.0732904591184e-18,0.497236211742398,0.594,0.32,5.13546835718685e-14
"Prag1",3.44297487206988e-18,0.329806965406544,0.484,0.223,5.75321101122877e-14
"Nrp1",3.77318357692389e-18,-0.391227231329178,0.012,0.155,6.30498975703982e-14
"Gramd3",4.47639343706675e-18,-0.646369901460534,0.052,0.236,7.48005343333854e-14
"Sytl2",5.66255804234961e-18,0.316091705640626,0.715,0.446,9.46213448876619e-14
"Neurl3",5.71475931542e-18,0.500813028665137,0.833,0.599,9.54936281606682e-14
"Dapk2",6.85551227722609e-18,0.349047689299346,0.938,0.764,1.14555610152448e-13
"Il7r",7.37951797879546e-18,-0.90237935403146,0.12,0.333,1.23311745425672e-13
"Ntf5",7.85063183137666e-18,0.295651118396402,0.396,0.158,1.31184057902304e-13
"Fgf13",9.49070489428485e-18,-0.813974339886279,0.139,0.328,1.585896787835e-13
"Pcmtd1",1.46532639273796e-17,0.426382786019907,0.869,0.661,2.44856040226512e-13
"Eif2ak3",1.53554729090344e-17,0.29108612988726,0.6,0.335,2.56589952309964e-13
"Mcpt8",1.55706869052363e-17,0.376987471001876,0.127,0.006,2.60186178186499e-13
"H2-Q7",1.58778800027393e-17,-0.516250902477025,0.801,0.853,2.65319374845774e-13
"Grap2",1.84853391932961e-17,-0.549972838042996,0.552,0.567,3.08890017919977e-13
"Ptpn11",1.88172242974997e-17,0.289511298963781,0.801,0.549,3.1443581801122e-13
"Plek",2.81345101879305e-17,0.38429826246596,0.783,0.529,4.70127665240319e-13
"Nmrk1",3.44704369461434e-17,0.335516053495735,0.52,0.262,5.76001001370056e-13
"Napsa",3.79526380693724e-17,0.381080056413861,0.693,0.427,6.34188582139212e-13
"Dnm3",4.26089135795041e-17,0.417169095052303,0.281,0.081,7.11994945913513e-13
"Ms4a4b",4.72769371188657e-17,-0.572989449708009,0.114,0.317,7.89997619256246e-13
"Cd44",4.88027976675604e-17,-0.591510771241091,0.456,0.619,8.15494749024934e-13
"Acot7",6.22764957861571e-17,0.375325756535692,0.886,0.674,1.04064024458668e-12
"Eva1b",6.24202480055259e-17,0.366018065258056,0.773,0.519,1.04304234417234e-12
"Rasd2",7.90131380608371e-17,0.303616212558248,0.241,0.059,1.32030953699659e-12
"Ndufs4",1.35801795887594e-16,0.333442864219875,0.871,0.657,2.26924800928169e-12
"Ppm1b",1.6915684106116e-16,0.356440691098533,0.892,0.685,2.82661081413198e-12
"Cnppd1",1.70941475588705e-16,0.366399238846794,0.669,0.409,2.85643205708727e-12
"Sc5d",1.76931206429641e-16,0.333690245741137,0.363,0.138,2.95652045943929e-12
"Cers6",1.80672126225511e-16,0.328630281656658,0.749,0.495,3.01903122922829e-12
"Gpc1",1.99785906712789e-16,0.294014164184798,0.237,0.057,3.3384225011707e-12
"Plac8",2.5736544049711e-16,1.03901950996938,0.323,0.131,4.30057651070671e-12
"Elmo1",2.82400779459149e-16,-0.508755158440559,0.701,0.735,4.71891702476238e-12
"Ddx51",2.84358038067382e-16,0.299942300343255,0.361,0.138,4.75162281610595e-12
"Tmem123",2.97915893115589e-16,0.313638404901933,0.91,0.711,4.97817457396149e-12
"Tmsb4x",3.08945373561415e-16,0.353485899889936,0.998,0.991,5.16247719221125e-12
"Mxd4",3.12179246949456e-16,0.334675862319764,0.857,0.635,5.21651521652541e-12
"Eef1g",3.83618431975417e-16,-0.298806903432582,0.871,0.814,6.41026399830922e-12
"Uqcc2",4.0263451691706e-16,0.305434652787218,0.695,0.438,6.72802277768407e-12
"Hopx",4.42130735090008e-16,0.361682666523113,0.92,0.737,7.38800458335403e-12
"Furin",4.48706431148309e-16,0.313740442861568,0.817,0.58,7.49788446448825e-12
"Arfgef3",4.79579440040804e-16,0.262702418702047,0.219,0.05,8.01377244308183e-12
"Dgkh",4.81057590434107e-16,-0.340469445914283,0.02,0.162,8.03847233615393e-12
"Cmip",4.96685601898467e-16,0.309878833893874,0.946,0.783,8.29961640772338e-12
"Abcb9",7.98133441413803e-16,0.441113616088149,0.739,0.495,1.33368098060246e-11
"H2afz",8.20741707294575e-16,0.365524049523107,0.978,0.869,1.37145939288923e-11
"Chn2",1.19375040873716e-15,0.395819097025556,0.94,0.799,1.9947569329998e-11
"Klc1",1.25602346667539e-15,0.353515596131987,0.614,0.359,2.09881521281457e-11
"Aoah",1.65902521338118e-15,0.251916964247204,0.157,0.02,2.77223113155995e-11
"Gzmf",1.87360255615736e-15,2.65890716515779,0.183,0.039,3.13078987133895e-11
"Gnptab",1.95183760672805e-15,0.275155911235996,0.673,0.422,3.26152064084257e-11
"Tbc1d4",2.09936993831983e-15,-0.623859025774024,0.253,0.398,3.50804716693243e-11
"Csgalnact1",2.1302479559176e-15,0.341681565213761,0.297,0.099,3.55964433433831e-11
"Psme1",2.22288858692445e-15,-0.301609378670242,0.918,0.875,3.71444682875076e-11
"Lat",2.24859593393286e-15,-0.408233642332304,0.675,0.702,3.75740380560181e-11
"Pdxdc1",3.10358172300155e-15,0.289604936878579,0.578,0.328,5.1860850591356e-11
"Gpr34",3.19465061614487e-15,0.320003918001454,0.45,0.214,5.33826117957808e-11
"Sdcbp",4.35200578144565e-15,0.292397004784614,0.811,0.582,7.27220166079567e-11
"Igsf5",5.01205258125288e-15,0.300733011915813,0.245,0.068,8.37513986327356e-11
"Gm43042",5.49709818631636e-15,0.271830311267556,0.414,0.195,9.18565106933463e-11
"Tcrg-V3",6.16514727293112e-15,0.822038379009969,0.169,0.028,1.03019610930679e-10
"Colgalt1",6.3063197811527e-15,0.346046308501102,0.528,0.284,1.05378603543062e-10
"Prkcq",7.11282373195687e-15,-0.473268790230905,0.488,0.565,1.18855284560999e-10
"Lta",8.58510831363059e-15,-0.516243785283099,0.07,0.234,1.43457159920767e-10
"S100a10",1.12429369536564e-14,-0.287732422789958,0.936,0.871,1.87869476495599e-10
"Stk17b",1.14221052532183e-14,0.29916782065431,0.984,0.91,1.90863378781278e-10
"Tjp1",1.16333609708313e-14,0.35804346208054,0.321,0.12,1.94393461822591e-10
"Tiprl",1.18712754978681e-14,0.370903367021019,0.867,0.674,1.98369013569376e-10
"Itk",1.22700881735054e-14,-0.34931882699844,0.857,0.799,2.05033173379275e-10
"Hdac9",1.29808497543583e-14,0.409033949189829,0.622,0.376,2.16909999395327e-10
"Cx3cr1",1.38168239502e-14,-0.412909817828672,0.036,0.177,2.30879128207841e-10
"Elmo2",1.42973655905994e-14,0.303433769170732,0.655,0.409,2.38908979018917e-10
"Sema4a",1.63068483223544e-14,-0.385748304639707,0.06,0.212,2.72487435466542e-10
"Hvcn1",2.08544550502894e-14,0.310230533384018,0.53,0.291,3.48477943890336e-10
"Txn1",2.24870591182657e-14,-0.314702234593405,0.759,0.715,3.7575875786622e-10
"P2rx4",2.59375135389289e-14,0.272096126188731,0.333,0.133,4.33415851235502e-10
"Fgr",2.60267815984207e-14,0.353199550459099,0.269,0.087,4.3490752050961e-10
"Iqgap2",2.78868381715973e-14,-0.414631251956221,0.106,0.278,4.65989065847391e-10
"Osgin1",3.01508326206437e-14,0.269579580070755,0.486,0.258,5.03820413090955e-10
"Psmb9",3.63137776256876e-14,-0.30568963846877,0.873,0.842,6.06803224125239e-10
"Lyn",3.83954743010918e-14,0.336753634017656,0.637,0.394,6.41588375571243e-10
"4930520O04Rik",3.87280565826558e-14,0.305333081750787,0.681,0.44,6.47145825496179e-10
"Scn1b",4.17855172272855e-14,0.385849930674575,0.496,0.262,6.9823599286794e-10
"Itgax",5.38362771752809e-14,0.28449204408628,0.163,0.028,8.99604191598944e-10
"Os9",5.42962861467976e-14,0.305985289735006,0.813,0.595,9.07290941512987e-10
"Tagln2",5.79581070726969e-14,-0.42149609529024,0.703,0.718,9.68479969184765e-10
"Slfn2",5.93160029735066e-14,-0.497602294552152,0.532,0.597,9.91170409687296e-10
"Klrd1",6.68952280220635e-14,0.360169529574124,0.95,0.814,1.11781926024868e-09
"Ccng2",7.4173588394116e-14,0.275897883159052,0.468,0.245,1.23944066206568e-09
"Hic1",8.54610431565033e-14,0.40308374605007,0.57,0.333,1.42805403114517e-09
"Cdk6",9.32885358688118e-14,-0.460553068909173,0.886,0.836,1.55885143436785e-09
"Gm10260",1.08992696097445e-13,-0.278169818543594,0.986,0.958,1.82126795178831e-09
"Cst3",1.13215485008354e-13,0.297633049781888,0.928,0.77,1.89183075448959e-09
"Tcn2",1.34302208469595e-13,0.283125918301132,0.392,0.179,2.24418990352694e-09
"Cd74",1.38579201192478e-13,-1.15062197918445,0.243,0.304,2.3156584519263e-09
"Setbp1",1.4545425107837e-13,0.378543713614246,0.809,0.595,2.43054053551956e-09
"Msi2",1.490391468819e-13,-0.322005535123112,0.713,0.681,2.49044414439655e-09
"Fcrl6",1.50733412809235e-13,0.332155467783198,0.635,0.398,2.51875532804232e-09
"Frmd4b",1.53064924801121e-13,0.353673648496239,0.454,0.23,2.55771489342674e-09
"Diaph2",1.67281657217244e-13,0.282628691876604,0.904,0.722,2.79527649210014e-09
"Matk",1.82208562029978e-13,0.293294961262898,0.546,0.313,3.04470507152094e-09
"Acvr2a",1.88972043966462e-13,0.312625301766257,0.42,0.206,3.15772285467958e-09
"Elovl5",1.90119309023847e-13,0.28702529343994,0.627,0.392,3.17689365378848e-09
"Ms4a6b",1.93566167045188e-13,-0.521511321751199,0.422,0.565,3.23449065132509e-09
"Bach2",2.61133739487493e-13,-0.651868547503387,0.231,0.39,4.363544786836e-09
"Eef2k",2.64305159367527e-13,0.271894923642909,0.353,0.151,4.41653921303137e-09
"Sdf2l1",2.83883567219206e-13,0.281409948638154,0.643,0.409,4.74369440823293e-09
"Stat1",3.21580983322272e-13,-0.663423967667024,0.59,0.617,5.37361823131516e-09
"Itgb1",3.51498179244993e-13,-0.3163729228854,0.721,0.667,5.87353457518384e-09
"Afg3l2",4.17428613257575e-13,0.291431039840079,0.556,0.326,6.97523212753408e-09
"Nfkb1",4.19403734004764e-13,-0.375203510036812,0.727,0.729,7.00823639521961e-09
"Atp6v0a2",4.92337256406529e-13,0.292208990827504,0.675,0.444,8.2269555545531e-09
"Ust",5.76463716953903e-13,-0.364287761345667,0.054,0.204,9.63270871029972e-09
"Gys1",6.03485161319924e-13,0.275766056418669,0.357,0.157,1.00842370456559e-08
"Rexo2",6.92786336566078e-13,-0.341884114732873,0.502,0.514,1.15764596840192e-08
"Trio",7.63163978176642e-13,0.317885999913432,0.39,0.182,1.27524700753317e-08
"Clec2i",7.66075646599208e-13,-0.388019727675526,0.118,0.287,1.28011240546728e-08
"Lax1",7.75498244099881e-13,-0.46363831429364,0.398,0.517,1.2958575658909e-08
"Utrn",8.02578161613473e-13,-0.354401718961998,0.759,0.709,1.34110810805611e-08
"A430093F15Rik",9.47545030386878e-13,-0.410195422257593,0.06,0.204,1.58334774577647e-08
"Lag3",1.00986421817631e-12,0.330378505567948,0.948,0.831,1.68748310857262e-08
"Ptk2b",1.03345509714441e-12,0.295868004109917,0.96,0.842,1.72690346732832e-08
"Grina",1.10461947205099e-12,0.266774019359234,0.892,0.713,1.84581913779721e-08
"Kit",1.14485140619609e-12,0.35128568971691,0.574,0.346,1.91304669975366e-08
"Rgs10",1.24635867919477e-12,-0.401737272604248,0.084,0.236,2.08266535293446e-08
"H2-Q6",1.28590188671377e-12,-0.436566483466012,0.564,0.654,2.14874205269871e-08
"Fas",1.37078775134983e-12,-0.386033867482537,0.044,0.175,2.29058633250557e-08
"St8sia4",1.46009107716763e-12,0.323335007765378,0.631,0.403,2.43981218994711e-08
"Fam53b",1.56312925249066e-12,-0.363836028630242,0.078,0.228,2.61198898091189e-08
"Cd27",1.59602034658995e-12,-0.49809953557456,0.367,0.495,2.66694999915181e-08
"Micu2",1.79018317563516e-12,0.25366880592135,0.643,0.418,2.99139608648635e-08
"Mctp2",1.82977545540854e-12,0.257169528645211,0.608,0.383,3.05755478598768e-08
"Lrrk1",1.83444863079067e-12,0.25762518556196,0.827,0.626,3.06536366205122e-08
"Specc1",2.01794293720527e-12,0.395626992403982,0.578,0.354,3.37198264807e-08
"Tmem64",2.03118102995812e-12,-0.497885856468195,0.167,0.328,3.39410350106001e-08
"Gmfg",2.15085813511108e-12,-0.480265089796254,0.428,0.569,3.59408394377061e-08
"Ncald",2.22037318794113e-12,0.278123311575791,0.532,0.311,3.71024359704963e-08
"H2-Q4",2.23509370330503e-12,-0.258317813168743,0.972,0.93,3.73484157822271e-08
"Fcer1g",2.3963831274487e-12,1.07224020993271,0.329,0.147,4.00435620596679e-08
"Stat3",2.48174877374374e-12,0.304956699188935,0.986,0.901,4.14700220092579e-08
"Znrf1",2.79281782473093e-12,-0.48075941193866,0.478,0.587,4.66679858512538e-08
"Cd9",2.94323305875535e-12,0.275519999901134,0.452,0.239,4.91814244118019e-08
"Arid5a",3.09696340845248e-12,-0.382954198607422,0.572,0.608,5.17502585552409e-08
"Sec11c",3.11061114721773e-12,0.286089957248252,0.892,0.722,5.19783122700083e-08
"Usf2",3.14705445403408e-12,0.269912615820887,0.653,0.429,5.25872799269095e-08
"Srgn",3.59057460275291e-12,0.275300276732263,0.996,0.959,5.99985016120011e-08
"Klrb1a",3.60736661647056e-12,0.493181654848465,0.484,0.269,6.02790961612231e-08
"Hnrnpa1",3.93601966487533e-12,-0.272414260174776,0.771,0.742,6.57708886000667e-08
"Gm47283",4.51748109212345e-12,-0.362036726169555,0.649,0.645,7.54871090493829e-08
"Abr",5.1359603645931e-12,0.251167971967207,0.785,0.578,8.58218976923508e-08
"Ccnd3",5.16855487349143e-12,-0.312037266104872,0.922,0.856,8.63665519360418e-08
"Rbpj",5.68157295347819e-12,-0.39813620990672,0.807,0.785,9.49390840526205e-08
"Ndufa10",5.99334209650627e-12,0.260629536095153,0.729,0.514,1.0014874643262e-07
"Pgm2l1",6.78253378419396e-12,0.35334269684975,0.528,0.311,1.13336139533881e-07
"Gm36723",6.79079765087608e-12,0.382385422548008,0.263,0.096,1.13474228746139e-07
"Irf8",7.40739255721294e-12,0.381605941928615,0.827,0.645,1.23777529631028e-07
"Clint1",8.03455097862333e-12,-0.331513263801963,0.777,0.764,1.34257346852796e-07
"Ighm",8.11243961671471e-12,0.275689916121558,0.552,0.337,1.35558865995303e-07
"Fam169b",9.72646918769611e-12,-0.435113842334525,0.189,0.331,1.62529300126402e-07
"Rpn1",9.92342744177857e-12,0.326618486492678,0.735,0.527,1.6582047255212e-07
"Pnpla7",1.02551587371092e-11,0.301832797045159,0.673,0.455,1.71363702497095e-07
"Cfap36",1.06043710287869e-11,0.259447435109146,0.618,0.4,1.7719903989103e-07
"Aplp2",1.13308669755799e-11,0.281704303199629,0.671,0.453,1.8933878716194e-07
"Il21r",1.2765828504324e-11,0.291071935031097,0.845,0.657,2.13316994307254e-07
"Pik3ap1",1.41704243862325e-11,0.324104403257629,0.49,0.278,2.36787791493945e-07
"Tap1",1.42041630669873e-11,-0.289030576994591,0.677,0.646,2.37351564849358e-07
"Peli1",1.62163943109065e-11,-0.266543206663355,0.89,0.814,2.70975948935248e-07
"Dlg2",1.68370301867561e-11,-0.505286668270709,0.082,0.219,2.81346774420695e-07
"Fth1",2.43939240758874e-11,-0.276968139536895,0.988,0.971,4.07622471308079e-07
"Foxp4",2.75218522538706e-11,-0.400202711099598,0.215,0.324,4.59890151162178e-07
"Kifc3",2.7662459311199e-11,0.29693218593635,0.568,0.354,4.62239695090136e-07
"Adam19",3.3652694552387e-11,-0.450301532528113,0.675,0.707,5.62336525970386e-07
"Aff3",3.96995731566013e-11,-0.368548429687126,0.036,0.155,6.63379867446807e-07
"Gm19951",4.0949494110974e-11,-0.631285269610022,0.847,0.772,6.84266046594376e-07
"Tnfaip8",4.98820611363789e-11,-0.401787739713688,0.564,0.634,8.33529241588892e-07
"Slco3a1",5.23290185044865e-11,-0.371424832437869,0.062,0.179,8.7441789920997e-07
"Ifi27l2a",6.90034708344017e-11,-0.788473437765271,0.205,0.378,1.15304799764285e-06
"Ccnd2",8.14119632436893e-11,0.256737112732956,0.96,0.849,1.36039390580205e-06
"Atp6v1b2",8.61443797242236e-11,0.299579067915375,0.755,0.558,1.43947258519178e-06
"Nlrc5",9.45639590386424e-11,-0.428572937532712,0.484,0.551,1.58016375553571e-06
"Anxa6",9.65287924338521e-11,-0.254288746503363,0.731,0.722,1.61299612156967e-06
"Npm1",1.39544430897107e-10,-0.312703106161551,0.948,0.923,2.33178744029066e-06
"Fdx1",1.59393548702712e-10,0.373102722549767,0.568,0.363,2.66346619882232e-06
"Tnfrsf4",1.66411530977618e-10,-0.373050616951285,0.046,0.158,2.78073668263599e-06
"Adam8",1.70874421597687e-10,0.291962403326739,0.43,0.236,2.85531158489736e-06
"Serinc3",2.12219121331846e-10,-0.250131273229341,0.693,0.656,3.54618151745515e-06
"Cd2",2.26290126527186e-10,-0.415546456069423,0.5,0.61,3.78130801426929e-06
"Gzmk",2.28188278358601e-10,0.477983449744166,0.297,0.131,3.81302613137223e-06
"Ccdc80",2.56631349181986e-10,1.13657521658206,0.315,0.179,4.28830984483098e-06
"Ep400",2.80955911443923e-10,0.273921312985913,0.787,0.6,4.69477328022796e-06
"Zfp983",3.34624139082756e-10,0.255197773861245,0.462,0.267,5.59156936407285e-06
"Apol9b",3.55451985875678e-10,0.269055233591182,0.39,0.204,5.93960268398258e-06
"Pepd",3.69864285533789e-10,0.269498663630989,0.673,0.471,6.18043221126962e-06
"Ctla2a",3.7740062951431e-10,-0.350145209049991,0.93,0.912,6.30636451918413e-06
"Prelid2",5.20391774599922e-10,-0.33044258133644,0.468,0.51,8.6957465535647e-06
"Smad7",5.30329566316693e-10,-0.340529459780111,0.492,0.505,8.86180705315194e-06
"Glipr2",6.39909085189081e-10,-0.370159490101458,0.157,0.304,1.06928808135095e-05
"Ppp3cc",6.44971052320775e-10,0.267822433160844,0.93,0.805,1.07774662842801e-05
"4933406I18Rik",8.95390200330956e-10,0.308255861739114,0.584,0.385,1.49619702475303e-05
"Cd28",9.67379629120349e-10,-0.313763413208367,0.042,0.144,1.6164913602601e-05
"Maml2",1.0175147800208e-09,-0.358725702069895,0.624,0.615,1.70026719741475e-05
"Hivep2",1.22862748903876e-09,-0.460877506643764,0.438,0.512,2.05303653418376e-05
"Creb3l1",1.39994334868041e-09,0.261124232557774,0.247,0.099,2.33930533564496e-05
"Sh2d2a",1.48588717093328e-09,0.301270371708608,0.942,0.831,2.48291746262951e-05
"Ldlrad4",1.55216423412665e-09,-0.267563945923553,0.725,0.676,2.59366643522563e-05
"Epcam",1.63018357762869e-09,0.253142607099255,0.498,0.308,2.72403675821755e-05
"Aopep",1.72230967914882e-09,-0.293677720357904,0.667,0.635,2.87797947385767e-05
"Mfng",1.87389134746257e-09,-0.295033146729591,0.325,0.394,3.13127244160996e-05
"Chd3",1.94581141340286e-09,-0.392529117371655,0.233,0.37,3.25145087179617e-05
"Srbd1",2.00915648366635e-09,0.282648054237724,0.438,0.252,3.35730048420648e-05
"Gpcpd1",2.31533178043733e-09,0.250647626402413,0.452,0.265,3.86891940511078e-05
"Cd48",2.43434183507462e-09,0.300262187832808,0.821,0.669,4.06778520640969e-05
"Hipk2",2.45550747638386e-09,0.306397337165404,0.562,0.368,4.10315299303743e-05
"Atpif1",2.80933337571695e-09,0.258457878653932,0.745,0.562,4.69439607082302e-05
"Sesn1",3.52618158143812e-09,0.314950251708826,0.643,0.451,5.8922494225831e-05
"Pde4a",3.67002949361944e-09,0.253666928920756,0.492,0.304,6.13261928383809e-05
"Neat1",3.67903765815108e-09,0.25881669686761,0.627,0.435,6.14767192677045e-05
"Tnfsf11",3.69633034081877e-09,-0.256295055120325,0.03,0.127,6.17656799950817e-05
"Tagap",3.82435061502528e-09,-0.303871545439931,0.098,0.195,6.39048987770724e-05
"Ly6a",4.75878058751761e-09,-0.744779645546197,0.098,0.158,7.95192236174193e-05
"Trpv2",4.88554550490816e-09,-0.354815650445379,0.183,0.32,8.16374653870153e-05
"Tnfrsf1a",5.55519676580001e-09,0.257800918008349,0.49,0.304,9.28273379565182e-05
"Kcnn4",6.075896664228e-09,-0.344242898474365,0.108,0.247,0.00010152823325925
"Ctsc",6.11171080031244e-09,0.275656180745502,0.932,0.812,0.000102126687473221
"Hif1a",7.15933092989946e-09,-0.381768697355162,0.516,0.558,0.00011963241983862
"Zfp36l2",8.33659764725868e-09,-0.259675109617382,0.964,0.923,0.000139304546685693
"Cytip",1.08109313556948e-08,0.253249553826127,0.918,0.797,0.00018065066295366
"Piezo1",1.15142766038666e-08,-0.250564978438389,0.036,0.131,0.000192403562050611
"Cd4",1.27292779938224e-08,0.449332118305111,0.363,0.197,0.000212706235276772
"Zc3h12d",1.35805250778194e-08,-0.267418313329876,0.08,0.18,0.000226930574050362
"Ddit4",1.49193218591074e-08,-0.319441044794824,0.538,0.527,0.000249301868265684
"Fam162a",1.49625023303282e-08,-0.269984719525539,0.488,0.506,0.000250023413939784
"Tox",1.5595576189525e-08,-0.316050557525477,0.962,0.904,0.000260602078126963
"Rgs16",2.11975185785719e-08,-0.497723561631338,0.175,0.289,0.000354210535447936
"Coq10b",2.18082810067515e-08,-0.258027434740492,0.321,0.348,0.000364416375622817
"B3gnt2",2.2956869013509e-08,-0.288703326424491,0.424,0.475,0.000383609281215736
"Klhl6",2.34674006645367e-08,-0.278497326976366,0.402,0.411,0.000392140265104409
"Socs1",2.39152259902155e-08,-0.33267096772235,0.829,0.818,0.000399623426296501
"S100a4",2.52747656487018e-08,-0.509896165309046,0.094,0.203,0.000422341333989807
"Tec",2.63674193623876e-08,0.275916084833601,0.466,0.291,0.000440599577545497
"Zc3h7a",2.7749327806743e-08,-0.308126338419744,0.94,0.856,0.000463691267650675
"Sh3rf1",3.81227227695092e-08,0.289480791029493,0.402,0.234,0.000637030697478498
"Gm19585",3.8230550837488e-08,0.256557719238711,0.653,0.473,0.000638832504494425
"Myc",5.00101823839359e-08,-0.277619010182205,0.281,0.291,0.000835670147635568
"Gpr183",5.01175407629749e-08,-0.489009916462039,0.191,0.315,0.00083746410614931
"H2-Aa",5.0663714700662e-08,-0.641727074329641,0.096,0.142,0.000846590672648063
"Ywhab",6.60108490645546e-08,-0.302265636700874,0.52,0.562,0.00110304128786871
"Plp2",6.89676033232126e-08,-0.274422707283904,0.333,0.405,0.00115244865153088
"Il16",9.35704802735836e-08,-0.253978514257639,0.476,0.492,0.00156356272537158
"Fchsd2",1.09651542755129e-07,-0.251010363367288,0.333,0.346,0.0018322772794382
"Hnrnpll",1.26995973765508e-07,-0.261673220381129,0.131,0.243,0.00212210272162165
"Trav13n-4",1.50364896987077e-07,0.62076224496533,0.261,0.125,0.00251259742865406
"Nt5e",1.63262426550672e-07,-0.331016490148191,0.552,0.54,0.00272811514766172
"Birc2",1.73423676091988e-07,0.281719195858506,0.637,0.466,0.00289790962749711
"Fry",1.95274693186443e-07,-0.30778045715164,0.09,0.201,0.00326304012314546
"Cd82",1.98558268740882e-07,-0.293879591837471,0.723,0.724,0.00331790867066014
"Dse",2.10744700987702e-07,-0.270825309472561,0.084,0.192,0.0035215439535045
"Samhd1",2.17135027089088e-07,-0.266094530114997,0.412,0.414,0.00362832630265867
"Ahr",2.62236178489112e-07,-0.314273844471099,0.576,0.575,0.00438196654255307
"4930523C07Rik",2.74004885003939e-07,-0.290905430603207,0.46,0.512,0.00457862162841582
"Jarid2",2.80883744413758e-07,-0.304181429524087,0.699,0.606,0.0046935673691539
"Pim1",3.52656064243891e-07,0.264082618994066,0.675,0.51,0.00589288283351542
"Sh3bp5",3.64928535506781e-07,-0.305071967369448,0.086,0.179,0.00609795582831832
"Dnaja1",3.65839123975222e-07,-0.253368592988534,0.89,0.831,0.00611317176162595
"Dusp2",3.98143358803878e-07,-0.479174758233001,0.809,0.831,0.00665297552561281
"Filip1l",5.89781352179693e-07,-0.38873553666809,0.757,0.716,0.00985524639492267
"Ccl4",6.38916448457881e-07,0.600244624809964,0.359,0.214,0.0106762938537312
"Pacsin1",7.28797366044601e-07,-0.41843265735904,0.281,0.411,0.0121782039866053
"Tcrg-V7",7.32161215125664e-07,0.312348445502104,0.305,0.179,0.0122344139047498
"Il10ra",7.70632391942145e-07,-0.303444475183665,0.376,0.4,0.0128772672693532
"Zdhhc2",8.15026558930786e-07,-0.264981011751564,0.124,0.208,0.0136190937997334
"Tpt1",9.2113840546969e-07,-0.280420509300149,0.996,0.989,0.0153922227553985
"Phlpp1",1.00973599446248e-06,-0.294905123944472,0.426,0.401,0.016872688467468
"Mcm6",1.02342729179573e-06,-0.257372351272425,0.257,0.302,0.0171014700459066
"Pdia6",1.10617476323715e-06,0.260624797990856,0.759,0.611,0.0184841802936928
"Hsp90ab1",1.11640741778864e-06,-0.250418880840011,0.996,0.987,0.0186551679512482
"Mrc2",1.17043825102145e-06,-0.264105867719008,0.07,0.166,0.0195580231745684
"Ece1",1.18593865752052e-06,0.311174510577382,0.412,0.262,0.0198170349671679
"Tsc22d3",1.76353339105448e-06,-0.345007730204527,0.462,0.505,0.0294686429645204
"Kat2b",1.76383812069639e-06,-0.271739339014161,0.365,0.407,0.0294737349968367
"Prkcb",1.8398110435852e-06,-0.315941010349914,0.331,0.4,0.0307432425383087
"Gbp6",1.89658052228123e-06,-0.307575817012474,0.179,0.262,0.0316918605273194
"Irf1",1.97434369284528e-06,-0.27016664469521,0.554,0.534,0.0329912831074446
"Gm156",1.9945560405484e-06,0.423329130809628,0.614,0.532,0.0333290314375638
"Samd3",2.07011441184137e-06,-0.28998889086113,0.253,0.339,0.0345916118218693
"Etv6",2.43219897438638e-06,-0.313748141590244,0.185,0.282,0.0406420448619964
"Igfbp5",2.43905908424826e-06,-0.342775243240962,0.205,0.221,0.0407566772977885
"Lclat1",2.48051396132532e-06,-0.294121804055116,0.129,0.217,0.0414493882937462
"A330023F24Rik",2.7450403679644e-06,-0.259423970050595,0.225,0.271,0.0458696245486851
"Lcn2",2.77473916394215e-06,-0.64621220316655,0.295,0.304,0.0463658914294733
"Vps54",2.96241493594833e-06,-0.284891064495398,0.701,0.703,0.0495019535796966
"Sntb1",3.08953056674569e-06,-0.30959352756767,0.558,0.586,0.0516260557703205
"Gm20275",3.34779924939513e-06,-0.302335278257654,0.321,0.343,0.0559417254573926
"Mt1",3.76751168129597e-06,0.349689443423778,0.163,0.066,0.0629551201944556
"Gphn",3.8450311704315e-06,-0.402936246766161,0.898,0.856,0.0642504708579103
"Tcrg-V1",4.16102387638959e-06,-0.378201955521427,0.131,0.249,0.0695307089744701
"Sla",5.38059560237402e-06,-0.316859977487967,0.552,0.58,0.0899097525156699
"Alcam",5.56919662927623e-06,-0.334511197952495,0.177,0.243,0.0930612756752057
"Il31ra",6.1928725356846e-06,-0.302353703549912,0.884,0.816,0.10348290007129
"Rora",6.40550818008326e-06,-0.438611233197873,0.219,0.293,0.107036041689191
"Emp3",9.29104465876703e-06,-0.293155401072123,0.219,0.298,0.155253356247997
"Icos",9.44290601767016e-06,-0.278798606667211,0.211,0.267,0.157790959555268
"Hsph1",9.5890680334995e-06,-0.38686724948919,0.341,0.405,0.160233326839777
"Dnajb1",9.64819778040799e-06,-0.258686529384218,0.466,0.453,0.161221384910617
"Ccl3",1.39485245248192e-05,0.313608310624031,0.211,0.105,0.23307984480973
"Cd8b1",1.49272163535896e-05,-0.324883886422841,0.655,0.729,0.249433785268482
"Tespa1",1.77398067755853e-05,-0.253502180768011,0.183,0.263,0.29643217122003
"Pik3r5",1.79936269727254e-05,-0.282897212030047,0.247,0.322,0.300673506714241
"Adamts6",2.21023682064372e-05,-0.369867287618224,0.291,0.328,0.369330572729565
"Sgk1",2.28240498583769e-05,-0.254831080707787,0.086,0.166,0.381389873133478
"Trbv1",2.33784494452133e-05,0.493035666202331,0.43,0.346,0.390653890229514
"Arsb",2.3840026531964e-05,-0.267751246290249,0.277,0.324,0.398366843349118
"Lars2",2.79077832227557e-05,-0.515618121915639,0.964,0.945,0.466339057652247
"H2-Ab1",2.89451811324369e-05,-0.394390406386054,0.104,0.149,0.483673976723021
"Trps1",2.99116689326715e-05,-0.3273452108212,0.462,0.484,0.499823987864941
"Csf1",3.22243143747707e-05,0.292526753779263,0.43,0.295,0.538468293202418
"Adgre5",7.00902107640858e-05,-0.404235028312306,0.382,0.446,1
"Ar",7.12919243876413e-05,-0.250533329945175,0.273,0.324,1
"Fosb",8.75780316768785e-05,-0.275396565964163,0.052,0.12,1
"Ltf",0.000100375583147068,-0.497872257975213,0.263,0.252,1
"Kcnq5",0.000140998789815189,-0.391109372545441,0.243,0.341,1
"Zfp36",0.000227314098189771,-0.250207157339797,0.169,0.234,1
"Cmss1",0.000267755090187868,-0.259523872486734,1,0.994,1
"Tcrg-C4",0.000325901854497489,-0.357808354557002,0.229,0.333,1
"Klrk1",0.000426052586729827,-0.31639717795563,0.163,0.243,1
"Eomes",0.000435491318637286,-0.288998470881187,0.319,0.37,1
"Ifitm3",0.000552072722015381,-0.286249797350499,0.09,0.109,1
"Trbc1",0.000676215453185405,-0.251263084908489,0.39,0.403,1
"Hexb",0.00178627052608161,-0.287415963044684,0.976,0.937,1
"Fos",0.00422771020749496,-0.30004537933731,0.169,0.23,1
"Immp2l",0.0055793943761245,-0.265817612301514,0.197,0.247,1
"Wfdc18",0.0160837315562561,-0.299557877870156,0.293,0.297,1
"Gm42418",0.0171296930408803,-0.312836007170467,1,1,1
"Trbv19",0.0339564512417872,-0.383090823110967,0.129,0.186,1
"Klf2",0.043303955129406,-0.253664260508774,0.082,0.11,1
"Dusp1",0.0478716817249984,-0.277921006227282,0.476,0.51,1
"Xcl1",0.0508010042424258,-0.273881237357223,0.448,0.486,1
"AY036118",0.302194956951109,-0.428256152076811,0.968,0.963,1
