"","Gene","p_val","avg_log2FC","pct.1","pct.2","p_val_adj"
"1","Acaca",0,0.994762906936129,0.958,0.828,0
"2","Acsl1",0,0.911011236564289,0.902,0.599,0
"3","Atp2c2",0,0.79986917640047,0.771,0.35,0
"4","B4galt1",0,0.981856169418958,0.98,0.891,0
"5","Btn1a1",0,1.93435541818543,0.948,0.399,0
"6","Cd63",0,-1.46060666194735,0.661,0.862,0
"7","Col18a1",0,-1.8066198889875,0.274,0.706,0
"8","Creb3l1",0,0.664157079369478,0.87,0.486,0
"9","Csn1s1",0,2.18756195207958,0.999,0.835,0
"10","Csn1s2a",0,3.38935181383356,0.961,0.595,0
"11","Csn2",0,2.75397985416928,0.98,0.716,0
"12","Dsp",0,-0.933925433250571,0.141,0.612,0
"13","Elf5",0,0.976159723757946,0.989,0.855,0
"14","Fam20a",0,0.937054990139343,0.984,0.833,0
"15","Folr1",0,1.18607092086911,0.891,0.557,0
"16","Hivep3",0,0.960731186273313,0.984,0.791,0
"17","Lalba",0,2.45278191196196,0.982,0.623,0
"18","Lao1",0,1.45972724034133,0.687,0.124,0
"19","Ltf",0,1.57715590804678,0.992,0.816,0
"20","Npm1",0,-0.89151882204035,0.94,0.964,0
"21","Ogfrl1",0,1.28534129333457,0.996,0.91,0
"22","Olah",0,0.989746196765441,0.533,0.082,0
"23","Orai1",0,0.823733516451847,0.956,0.845,0
"24","Pcx",0,0.693279590269612,0.835,0.43,0
"25","Pigr",0,1.33530315093614,0.924,0.51,0
"26","Pla2g7",0,-1.50411452420228,0.193,0.729,0
"27","Plet1",0,0.927085731694702,0.985,0.878,0
"28","Rapgef5",0,1.25016943491372,0.945,0.591,0
"29","S100a10",0,-1.2803076440219,0.849,0.925,0
"30","S100a6",0,-2.45625168216485,0.88,0.966,0
"31","Serpine2",0,-2.3386344762712,0.482,0.84,0
"32","Sftpd",0,1.30306732144182,0.932,0.555,0
"33","Slc28a3",0,1.71000061220164,0.984,0.529,0
"34","Thrsp",0,1.31789641009113,0.802,0.348,0
"35","Trim14",0,0.872916327914369,0.959,0.623,0
"36","Txnip",0,1.12710604335235,0.978,0.769,0
"37","Wap",0,1.7828954506301,0.849,0.278,0
"38","Xdh",0,1.39573588784577,0.994,0.834,0
"39","Krt14",4.94065645841247e-323,-2.13179462974091,0.185,0.637,8.94456445230993e-319
"40","Tm4sf1",2.58962700461729e-313,-1.35153149009096,0.915,0.966,4.68826072915913e-309
"41","Nkd2",9.00836656187139e-312,-0.899288360408099,0.16,0.613,1.6308746823612e-307
"42","Acly",1.35939571861936e-310,0.823124355259244,0.932,0.796,2.4610500089885e-306
"43","Ehf",1.40621286635672e-309,0.832444925021435,0.991,0.83,2.5458077732522e-305
"44","Qsox1",1.57735418042792e-309,0.75852206510202,0.953,0.8,2.8556420082467e-305
"45","Fbln2",3.37487540078212e-308,-1.256216557838,0.387,0.751,6.10987442557596e-304
"46","Anxa2",1.06931423247044e-305,-1.25282920198265,0.91,0.961,1.93588648646449e-301
"47","Aebp1",8.77742040973473e-304,-1.01264091039442,0.502,0.79,1.58906419097838e-299
"48","Cdk4",2.80024593127547e-295,-0.637887687740329,0.813,0.883,5.06956523398112e-291
"49","Gja1",1.81078603373666e-293,-0.671867380033623,0.168,0.604,3.27824703547685e-289
"50","Igfbp7",2.56762658338363e-292,-1.74539753215074,0.605,0.809,4.64843116655773e-288
"51","Tspan15",4.41647017114006e-290,0.544782037091689,0.802,0.403,7.99557759783197e-286
"52","Mmp14",9.77647831904103e-283,-0.775173706101192,0.84,0.918,1.76993363487919e-278
"53","Tnfrsf11a",2.99220602297639e-280,0.636391454818943,0.897,0.591,5.41708978399645e-276
"54","Apol6",1.13682844822277e-276,0.761898812602751,0.751,0.305,2.05811422266251e-272
"55","Wfdc2",5.85844641719387e-276,-2.16616197272277,0.468,0.745,1.06061313936878e-271
"56","Pkp1",6.68078431703699e-271,-0.606938052027772,0.226,0.65,1.20948919275638e-266
"57","Pik3r1",8.2311397649791e-270,0.710732071860068,0.995,0.939,1.49016554305182e-265
"58","Camk2n1",4.00941526127617e-268,-0.611469930867287,0.349,0.725,7.25864538901439e-264
"59","Wfdc18",2.54864651913264e-265,1.0731001208265,0.998,0.938,4.61406965823774e-261
"60","Glycam1",2.1548219911656e-262,2.61181387314385,0.58,0.174,3.90108973280621e-258
"61","Atp1b1",2.41612603895807e-261,0.737042457175457,0.889,0.577,4.3741545809297e-257
"62","Plp2",1.26348635860472e-259,-0.660250282339661,0.763,0.87,2.28741570361798e-255
"63","Emp1",9.30766524966155e-259,-1.0499963666615,0.408,0.752,1.68505971679873e-254
"64","Btf3",2.57396351162865e-258,-0.671370077580587,0.914,0.955,4.6599035414525e-254
"65","Krt7",2.54919489271399e-257,-1.53224922660937,0.776,0.896,4.61506243376941e-253
"66","Ahnak",5.27079704537798e-256,-1.22692915419545,0.895,0.952,9.5422509709523e-252
"67","Ccnd1",6.3675400381082e-256,-1.45925656060251,0.545,0.806,1.15277944849911e-251
"68","Fam13a",3.73036200915514e-254,0.90273763318883,0.877,0.489,6.75344738137446e-250
"69","Wnt7b",1.63401735848651e-252,-0.548568903866421,0.146,0.553,2.95822502580398e-248
"70","Apol7a",3.10950645140602e-251,0.518905553964672,0.817,0.431,5.62945047962546e-247
"71","Tagln2",1.19303203406525e-250,-1.38093655019811,0.699,0.863,2.15986519447172e-246
"72","Ptma",1.45134529529089e-250,-0.719863677648088,0.994,0.994,2.62751552259463e-246
"73","Aldoc",1.89863967530446e-249,0.868645159043014,0.955,0.841,3.43729726817119e-245
"74","Rbm47",4.09711737243603e-248,0.732488233252596,0.991,0.932,7.4174212910582e-244
"75","Tbc1d8",2.15357164722704e-247,0.810045702184511,0.786,0.453,3.89882611013983e-243
"76","Gpc6",6.52644728799064e-245,-0.830280470669536,0.112,0.501,1.18154801701782e-240
"77","Fscn1",6.89014978320684e-244,-0.569557876203329,0.037,0.385,1.24739271675177e-239
"78","Man1c1",2.36801385166104e-242,0.535382062436683,0.868,0.537,4.28705227704714e-238
"79","Ptpn18",1.36369812830702e-241,0.578731580358619,0.93,0.686,2.46883909148704e-237
"80","Hnrnpa0",1.84726552648322e-240,-0.484776155617679,0.914,0.923,3.34428950914522e-236
"81","Tcn2",4.65679378879562e-239,0.589943382432497,0.962,0.88,8.43065947523559e-235
"82","Mfge8",2.3298878451119e-238,0.891241796309565,0.998,0.991,4.21802895479058e-234
"83","Naca",3.97164373453693e-237,-0.596892603224439,0.961,0.973,7.19026381700566e-233
"84","Aplp2",7.89081879332205e-236,-0.582150749060021,0.959,0.967,1.42855383434302e-231
"85","Hlf",4.98735773702014e-235,0.626592034360383,0.881,0.59,9.02911244710127e-231
"86","Oas2",2.23850349767747e-233,0.70638626824406,0.832,0.45,4.05258673219529e-229
"87","Nav2",4.18035708368338e-232,-0.732910670375171,0.277,0.675,7.56811846430039e-228
"88","Slc34a2",1.34170937868121e-229,0.391654209126601,0.478,0.103,2.42903065916447e-225
"89","Vim",2.40940583432935e-229,-1.96320339213304,0.344,0.658,4.36198832246985e-225
"90","Ecrg4",2.77140931478502e-229,-2.34973152887659,0.48,0.736,5.01735942348679e-225
"91","Fam3c",1.6428409022588e-228,0.646199797398288,0.986,0.936,2.97419916944933e-224
"92","Sdc1",4.45791642306229e-228,-1.04056279772941,0.559,0.79,8.07061189231197e-224
"93","Crip1",6.90987993714526e-227,-1.53491421852452,0.516,0.776,1.25096466382078e-222
"94","Tmc5",1.32814483002833e-226,0.393319607006394,0.536,0.152,2.40447340028328e-222
"95","Eef1b2",5.96574216381834e-226,-0.617719755107505,0.952,0.967,1.08003796133767e-221
"96","Ormdl3",1.83771975114817e-224,0.491750928341065,0.878,0.73,3.32700783747865e-220
"97","Ybx3",5.57924347278562e-222,-0.604589186088051,0.827,0.87,1.01006623831311e-217
"98","Adgrl3",1.80880451612258e-220,-0.925696530954083,0.501,0.796,3.27465969598831e-216
"99","Adamts4",7.80273785105465e-219,-0.500266425602449,0.105,0.472,1.41260766055493e-214
"100","Msn",5.69011189969109e-218,-0.768404749494573,0.857,0.92,1.03013785832007e-213
"101","Ube2i",9.94336884979856e-218,-0.432906056073735,0.904,0.915,1.80014749656753e-213
"102","Atp7b",1.17766561759827e-216,0.345124295492794,0.631,0.226,2.13204583409991e-212
"103","Myl12a",1.18794465873556e-216,-0.752068530775462,0.921,0.951,2.15065501017485e-212
"104","Ehd2",2.7447460029827e-215,-0.474781336829208,0.299,0.652,4.96908816379988e-211
"105","Tmtc2",4.28199380097896e-214,0.769661224903023,0.936,0.712,7.75212157729231e-210
"106","Cd44",5.43332207257291e-214,-0.878516137110449,0.802,0.904,9.83648628018599e-210
"107","Perp",6.65612097926657e-213,-0.925233094826064,0.499,0.746,1.20502414208642e-208
"108","Tc2n",5.58541529941261e-212,0.769011532390006,0.864,0.639,1.01118358580566e-207
"109","Cald1",8.65812317343973e-211,-0.74497734534841,0.936,0.967,1.56746661931953e-206
"110","Acss1",1.09795204138587e-210,0.508641037707604,0.748,0.367,1.98773237572497e-206
"111","Lrg1",4.3324506854918e-209,0.827197921821166,0.803,0.458,7.84346872101436e-205
"112","Slpi",8.42800016463596e-209,-2.42355000243063,0.707,0.833,1.52580514980569e-204
"113","Pmepa1",9.07280944394722e-209,-0.826888503888988,0.987,0.985,1.6425414217322e-204
"114","Hmgb1",6.03098426647629e-208,-0.599759298998703,0.942,0.949,1.09184939160287e-203
"115","Fkbp11",1.69664531244728e-207,0.659051412516379,0.913,0.751,3.07160667365455e-203
"116","Muc15",1.78242681951365e-207,0.593784393609532,0.963,0.673,3.22690551404752e-203
"117","Gnai2",3.3192957598438e-207,-0.495399666387084,0.952,0.959,6.00925304362121e-203
"118","Slc4a11",7.14485002458543e-207,-0.409692164359694,0.104,0.462,1.29350364845095e-202
"119","Snrpe",3.60231835947703e-206,-0.490151121469332,0.84,0.883,6.52163715799722e-202
"120","H2afz",1.35037266320432e-204,-1.08426070469773,0.843,0.911,2.4447146694651e-200
"121","Kcnk5",2.1693598067429e-204,0.582568022885537,0.802,0.447,3.92740899412734e-200
"122","Pgf",1.1381923297104e-202,-0.672787735073862,0.281,0.649,2.06058339370772e-198
"123","Atp13a4",1.72138748088163e-202,0.417747325719455,0.541,0.177,3.11639989538809e-198
"124","Tpm2",4.77185391150775e-202,-0.915118213460945,0.425,0.75,8.63896432139363e-198
"125","Ank",1.20132189446187e-201,-0.604028930988986,0.119,0.474,2.17487315773377e-197
"126","Chka",5.88840062676707e-201,0.892573843304984,0.974,0.896,1.06603604946991e-196
"127","Fermt1",1.65207107543081e-200,-0.531933707815329,0.157,0.516,2.99090947495994e-196
"128","Fam160a2",2.31719379226934e-199,0.516207661790283,0.885,0.657,4.19504764152441e-195
"129","H3f3a",4.05043806159164e-199,-0.542282652725339,0.954,0.968,7.3329130667055e-195
"130","G0s2",1.11360415472109e-198,1.0361691396649,0.865,0.651,2.01606896170706e-194
"131","Tgm1",1.16900580018477e-198,0.437762917044116,0.685,0.349,2.11636810065451e-194
"132","Lgals3",2.10027559985342e-198,-1.51243819867382,0.601,0.783,3.80233894597463e-194
"133","Anxa3",2.60508191635461e-198,-0.815555701044708,0.841,0.903,4.71624030136839e-194
"134","Anxa5",3.93409859398888e-198,-0.685531574815534,0.845,0.915,7.12229209455747e-194
"135","Gm4951",6.52179530493011e-197,0.67368881363947,0.748,0.362,1.18070582200455e-192
"136","Tubb5",2.31452070291205e-196,-0.821611258157061,0.847,0.901,4.19020828055198e-192
"137","Cd74",5.90269262428571e-195,1.93657487434939,0.718,0.419,1.06862347270068e-190
"138","Lamb1",3.14411114103384e-194,-0.505798275580433,0.333,0.666,5.69209880972766e-190
"139","Lad1",7.15521590987573e-193,-0.585345033113868,0.719,0.831,1.2953802883239e-188
"140","Eps8",7.20912785052251e-193,-0.344877178065649,0.031,0.325,1.3051405060586e-188
"141","Hephl1",4.43526618156367e-192,0.278634667150854,0.514,0.152,8.02960589510286e-188
"142","Ran",7.97419071557148e-192,-0.693876133773535,0.869,0.916,1.44364748714706e-187
"143","Igfals",1.29862913298621e-191,0.439883976491279,0.831,0.561,2.35103818235824e-187
"144","Dab2",1.96675080424371e-191,0.550175341551025,0.807,0.518,3.56060565600282e-187
"145","Col8a1",5.06283369246639e-191,-0.895359527633223,0.027,0.31,9.16575411684116e-187
"146","Ceacam20",1.16975955271618e-190,0.397890794380187,0.697,0.324,2.11773269423737e-186
"147","Irs2",8.77953354948371e-190,0.523566434417289,0.842,0.534,1.58944675379853e-185
"148","Ddit4",9.34213694706992e-190,-0.872645762003876,0.698,0.841,1.69130047289754e-185
"149","Tcf7l2",1.59239490205229e-189,0.649893820512171,0.987,0.916,2.88287173067547e-185
"150","Hnrnpa1",1.90374739108001e-189,-0.598284705125064,0.859,0.896,3.44654427681126e-185
"151","Pinc",2.17338668104992e-189,0.635301097761101,0.592,0.224,3.93469924737277e-185
"152","Bmp1",3.15877102093637e-189,-0.677541293299566,0.682,0.813,5.71863905630321e-185
"153","Eif3h",6.72488668514493e-188,-0.458804515748188,0.902,0.932,1.21747348547864e-183
"154","Chn2",9.95424625505677e-188,0.784385908218753,0.929,0.711,1.80211674201548e-183
"155","Shank2",1.30649143679869e-187,0.53538044183782,0.855,0.536,2.36527209718034e-183
"156","Hnrnpa3",2.8775256305448e-187,-0.564111656082687,0.934,0.948,5.2094724015383e-183
"157","Itga3",1.01977249281309e-186,-0.707728819037016,0.562,0.76,1.84619612098882e-182
"158","Sectm1a",1.2234875927075e-186,0.504221413851047,0.803,0.528,2.21500193783765e-182
"159","Dag1",1.63825753865258e-186,-0.4999861308009,0.86,0.902,2.96590144797662e-182
"160","Phlda3",1.07055244283554e-185,-0.720053653891408,0.558,0.759,1.93812814250947e-181
"161","Got1",1.13592724088059e-185,0.560111247488361,0.72,0.448,2.05648267689022e-181
"162","Hnrnpk",2.30599450408677e-185,-0.418720764902239,0.931,0.945,4.1747724501987e-181
"163","Serbp1",2.51972520259452e-185,-0.437323258821505,0.933,0.945,4.56171050677712e-181
"164","Slc45a3",1.35200025504371e-184,0.489323067154739,0.808,0.539,2.44766126173113e-180
"165","Nap1l1",1.12367650686525e-183,-0.524479869963794,0.748,0.841,2.03430394802884e-179
"166","Csmd1",2.06657037863836e-182,-1.58810937859168,0.046,0.332,3.74131901348689e-178
"167","Sumo2",1.56421439026268e-180,-0.500656454267596,0.883,0.923,2.83185373213155e-176
"168","Csdc2",4.1945418191838e-180,-0.266721599905193,0.051,0.351,7.59379850945035e-176
"169","Set",8.26040740488247e-180,-0.454841169501494,0.929,0.918,1.49546415657992e-175
"170","Serpinh1",1.06989627829998e-179,-0.517124430971731,0.891,0.921,1.93694022223429e-175
"171","Paics",1.3088644565655e-179,-0.444821346701989,0.759,0.834,2.36956821216618e-175
"172","Bspry",1.1249012809926e-178,0.455334295156943,0.868,0.642,2.036521279109e-174
"173","Hmgn1",1.23314821492138e-178,-0.511373215647113,0.952,0.952,2.23249152829367e-174
"174","Plin2",3.2601839905868e-178,0.584910020007487,0.983,0.956,5.90223709655834e-174
"175","Baiap2l1",2.22079621730793e-177,0.43859273263825,0.854,0.586,4.02052947181427e-173
"176","Kirrel",5.14777537655096e-177,-0.36715719471269,0.19,0.545,9.31953254170785e-173
"177","Cmtm6",6.93470817213861e-177,0.415419436906276,0.87,0.75,1.25545956748397e-172
"178","Igtp",7.00757178021002e-177,0.948122094076215,0.844,0.588,1.26865079508922e-172
"179","Iigp1",1.75453049363257e-175,0.757871024244213,0.936,0.717,3.1764020056724e-171
"180","Ppia",2.51028745303713e-175,-0.680564791347702,0.981,0.99,4.54462440497841e-171
"181","Trmt112",6.2650370728683e-175,-0.429469837377134,0.844,0.886,1.13422231167208e-170
"182","Spns2",1.11614356751052e-174,0.589548272417743,0.959,0.82,2.02066631462105e-170
"183","Rtn4",2.80234094768399e-174,-0.592254399370552,0.9,0.939,5.0733580516871e-170
"184","Cavin2",6.16806781533868e-174,-0.457331965293458,0.314,0.642,1.11666699728891e-169
"185","Actg1",1.68213632228563e-172,-0.778575695732024,0.996,0.993,3.0453395978659e-168
"186","Tpt1",4.88991074812534e-172,-0.559502768804092,0.994,0.996,8.85269441840612e-168
"187","Rack1",1.43902034202309e-171,-0.496519165427384,0.972,0.981,2.60520242719861e-167
"188","Mgp",3.54018720340053e-171,-1.45268942155713,0.254,0.566,6.40915491303632e-167
"189","Atp1b3",2.65421464403817e-169,-0.455532287286406,0.81,0.859,4.8051901915667e-165
"190","Tbca",4.9918804555993e-169,-0.429674894314468,0.896,0.918,9.03730037681697e-165
"191","Vdac2",5.51310646794611e-169,-0.451529735067257,0.88,0.916,9.98092794956964e-165
"192","Spink5",1.36803309106009e-168,0.546645890000113,0.7,0.347,2.47668710805519e-164
"193","Znfx1",2.29826827101576e-168,0.47749211726944,0.856,0.59,4.16078487784693e-164
"194","Esrrg",5.38849909656132e-168,0.585517479593789,0.674,0.319,9.75533876441462e-164
"195","Celsr2",7.44260919667589e-168,0.523621241336218,0.969,0.859,1.3474099689662e-163
"196","Cmpk2",1.05821151724658e-167,0.36116383756809,0.566,0.216,1.9157861308232e-163
"197","Ltbp2",1.30421165377393e-167,-0.674954348613889,0.192,0.524,2.36114477799232e-163
"198","H2-Ab1",7.70178452656693e-167,1.16135700463642,0.616,0.305,1.39433107068968e-162
"199","Tomm20",1.1109658462758e-166,-0.443344826125097,0.851,0.893,2.0112925680977e-162
"200","Ak1",3.77979089545116e-166,-0.358010698369948,0.1,0.408,6.84293343712478e-162
"201","Srcin1",7.86225925922521e-166,0.324883782071116,0.656,0.3,1.42338341629013e-161
"202","Pde4d",3.46183690163261e-165,0.711154539315092,0.991,0.951,6.26730952671567e-161
"203","Col7a1",4.91441685627631e-164,-0.344257908322016,0.028,0.289,8.89706027660262e-160
"204","Ptms",1.08927687594967e-163,-0.443573473644025,0.955,0.954,1.97202685621928e-159
"205","BC016548",2.05675821938614e-163,0.37939760722053,0.722,0.418,3.72355508037667e-159
"206","Itgb3",2.67940067369904e-163,-0.446751604750849,0.216,0.533,4.85078697966475e-159
"207","Bcl2l14",3.24970022845059e-163,0.528091829390303,0.674,0.364,5.88325729358695e-159
"208","Eef1a1",4.55784979231412e-163,-0.52407747070793,0.998,0.998,8.25153126400548e-159
"209","Ppp1r14b",8.22588824604375e-163,-0.522229722434736,0.884,0.919,1.48921480806376e-158
"210","Hhipl2",6.37975833469842e-162,0.404469548665091,0.887,0.624,1.1549914489138e-157
"211","Lipa",2.43016550467172e-161,0.56161995581904,0.866,0.665,4.39957162965769e-157
"212","Ckb",3.29910699661536e-160,-0.673943609194442,0.096,0.38,5.97270330667245e-156
"213","Morrbid",6.22574131321876e-160,-0.677575850693972,0.632,0.809,1.12710820734512e-155
"214","Clca3a2",1.47102958752596e-159,0.748895367393202,0.98,0.907,2.66315196525699e-155
"215","Rbms1",6.92164700306284e-159,-0.555742995850105,0.949,0.953,1.2530949734345e-154
"216","A630023A22Rik",1.26516499999281e-158,0.487842520131067,0.751,0.441,2.29045471598699e-154
"217","Abracl",1.47244558186822e-158,-0.451446516164953,0.794,0.865,2.66571548141423e-154
"218","Ybx1",1.66684122602446e-158,-0.510362685906935,0.934,0.949,3.01764935559468e-154
"219","Ifi47",2.1358859542063e-158,0.65545342780138,0.87,0.66,3.86680793149509e-154
"220","Irf7",2.19405400355544e-158,0.725410052724349,0.934,0.755,3.97211536803677e-154
"221","Hnrnpf",6.64194181785904e-158,-0.441835898689668,0.888,0.932,1.2024571467052e-153
"222","Eif3k",1.72064143030024e-157,-0.397503399825114,0.892,0.908,3.11504924541556e-153
"223","Lbp",3.78866180591022e-157,0.634515980339658,0.989,0.95,6.85899333341987e-153
"224","Esd",5.52795117948529e-157,-0.470840469324889,0.804,0.867,1.00078028153402e-152
"225","Phf11d",1.81061512621719e-156,0.436290290315664,0.849,0.543,3.2779376245036e-152
"226","Glrx3",2.31037007150265e-156,-0.432868913258922,0.798,0.861,4.18269397744841e-152
"227","Xbp1",2.5933425931594e-156,0.554497159881543,0.981,0.954,4.69498743065578e-152
"228","H2afv",4.82985042575001e-156,-0.509540656142318,0.812,0.872,8.74396121077783e-152
"229","Sh3bp5",8.58691875260273e-156,0.405084069865669,0.859,0.631,1.5545757709712e-151
"230","Lgals1",1.38078828126112e-155,-1.14813566822646,0.783,0.879,2.49977910439513e-151
"231","Tpm4",1.44226294987878e-155,-0.554312474384616,0.902,0.927,2.61107284446054e-151
"232","C1qbp",2.30871204873418e-155,-0.446126585383273,0.743,0.837,4.17969229302835e-151
"233","Cct2",2.7941987466937e-155,-0.385870290792103,0.889,0.901,5.05861741101428e-151
"234","Bhlhe41",3.67752735887156e-155,-0.563542233289424,0.754,0.852,6.65779553050107e-151
"235","Aig1",1.45507448396751e-154,-0.444270936530692,0.817,0.858,2.63426684577478e-150
"236","Snu13",3.01740257096949e-154,-0.443748754803786,0.813,0.879,5.46270561448316e-150
"237","Atp5g2",9.19389661088149e-154,-0.537840123241918,0.912,0.95,1.66446304243399e-149
"238","Slc6a6",1.14638898778633e-153,-0.610972392770959,0.609,0.769,2.07542262348837e-149
"239","Zbtb16",1.52303076635659e-153,0.409237167284371,0.604,0.259,2.75729489941198e-149
"240","Adgre5",6.75340825261426e-153,-0.429648340510574,0.362,0.651,1.22263703005329e-148
"241","Scd1",9.48410090802419e-153,0.811201205863935,0.97,0.892,1.7170016283887e-148
"242","Lrrc26",1.04351891877609e-152,0.29311289779453,0.604,0.276,1.88918665055224e-148
"243","Inf2",1.32704311791846e-152,-0.341617207794531,0.161,0.465,2.40247886067959e-148
"244","Morc4",5.06568926234114e-152,-0.448834892458254,0.288,0.559,9.17092384054241e-148
"245","Edil3",1.59816707276018e-151,-0.456626854781341,0.091,0.373,2.89332166852503e-147
"246","Skp1a",2.86863702413831e-151,-0.442632493822954,0.92,0.936,5.1933804685e-147
"247","Wfdc17",1.05898856530091e-150,0.60692158902892,0.505,0.186,1.91719289862077e-146
"248","Emb",1.09826171578409e-150,-0.792024849327231,0.41,0.652,1.98829301025552e-146
"249","Runx1",2.18358157488437e-150,-0.724107531445043,0.806,0.883,3.95315608317066e-146
"250","Cnbp",3.35983173837238e-150,-0.413686390869459,0.908,0.93,6.08263937914935e-146
"251","Igf1r",3.38090424973862e-150,-0.508080256127168,0.579,0.801,6.12078905372681e-146
"252","Aprt",7.47266644570456e-150,-0.45547138707758,0.762,0.836,1.35285153333035e-145
"253","Ccn2",8.29524690819992e-150,-0.798500662486711,0.105,0.402,1.50177150026051e-145
"254","Nans",3.23426653494576e-149,0.407768151270751,0.912,0.842,5.85531613486581e-145
"255","Igfbp3",9.8346627840393e-149,-0.842587908782007,0.029,0.27,1.78046735042248e-144
"256","Pdgfa",1.30405698742956e-148,-0.463905075394171,0.348,0.607,2.36086477004248e-144
"257","Nudt21",1.87730141519969e-148,-0.37300069675973,0.686,0.804,3.39866648207752e-144
"258","Tap1",3.37740844989299e-148,0.556066545037476,0.918,0.775,6.11446025768626e-144
"259","Rnf213",3.46594637822564e-148,0.751510760649435,0.952,0.842,6.2747493231397e-144
"260","Gm10260",8.17545788976126e-148,-0.563322320831244,0.954,0.972,1.48008489636238e-143
"261","Gm43154",9.33892424214656e-148,0.263661151041521,0.453,0.141,1.69071884479821e-143
"262","Gpat4",1.15600640012204e-147,0.431716268019695,0.933,0.8,2.09283398678095e-143
"263","Gbp9",1.9561699310723e-147,0.714853426938804,0.782,0.504,3.54145004321329e-143
"264","Fchsd2",2.02401741770391e-147,0.524747367747956,0.89,0.706,3.66428113301116e-143
"265","Vcan",3.6843604666303e-147,-0.652544184043677,0.359,0.629,6.67016618878749e-143
"266","Amigo2",5.02071370936809e-146,0.365136287468706,0.606,0.284,9.08950009943999e-142
"267","Ttc39a",1.27777661859564e-145,0.387177699241589,0.873,0.675,2.31328679030555e-141
"268","Sik1",1.65802971002699e-145,0.59310696017643,0.955,0.815,3.00169698703286e-141
"269","Kansl2",2.45770029560711e-145,0.40876169001269,0.914,0.81,4.44942061516712e-141
"270","Prss23",4.47965556111313e-145,-0.516174622603188,0.276,0.562,8.10996842783921e-141
"271","Fhl2",5.5042246636433e-145,-0.541330051507272,0.426,0.685,9.96484833105984e-141
"272","Eef1d",1.18898214559825e-144,-0.395020260944454,0.915,0.929,2.15253327639108e-140
"273","Cxadr",1.32854245926188e-144,-0.475735173494798,0.788,0.867,2.40519326824771e-140
"274","Timp1",1.73139102919223e-144,-0.863393059063727,0.124,0.394,3.13451031924962e-140
"275","Jup",1.79367433364622e-144,-0.429684816596313,0.918,0.926,3.24726801363311e-140
"276","Osbpl7",1.4778995636329e-143,0.375767638204365,0.785,0.501,2.675589370001e-139
"277","Rhoa",2.25265655988144e-143,-0.3975945527953,0.941,0.948,4.07820943600936e-139
"278","Osbpl1a",7.45322523952408e-143,0.396943165905507,0.791,0.548,1.34933189736344e-138
"279","S100a11",1.25310092477811e-142,-0.684943098695592,0.967,0.977,2.2686139142183e-138
"280","Id3",4.80591580078462e-142,-0.524513385103282,0.081,0.355,8.70062996574048e-138
"281","Capns1",9.13122431790664e-141,-0.360998062815974,0.949,0.946,1.65311685051382e-136
"282","Tob1",1.05854316203801e-140,0.58637216006639,0.928,0.838,1.91638654055361e-136
"283","Wnt5b",1.35936801018116e-140,0.548951244928677,0.981,0.894,2.46099984563198e-136
"284","Hint1",3.20883567985832e-140,-0.500413985957571,0.897,0.918,5.8092761148155e-136
"285","Txnl1",5.04590672428907e-140,-0.396540845638653,0.84,0.889,9.13510953365294e-136
"286","Slc1a1",9.89949688647363e-140,0.333654772756666,0.662,0.354,1.79220491632719e-135
"287","Pfn1",2.66075544593458e-139,-0.510354914272005,0.984,0.987,4.81703165931996e-135
"288","C4b",2.75698757927531e-139,0.486951645470347,0.525,0.218,4.99125031352003e-135
"289","Prickle2",6.18826281388704e-139,0.442921203139453,0.847,0.566,1.12032309982611e-134
"290","Stat5a",2.23007143301559e-138,0.390887874469303,0.801,0.549,4.03732132233143e-134
"291","Ndrg1",2.23293504820429e-138,0.483488739910216,0.96,0.853,4.04250561126905e-134
"292","Ranbp1",3.45590899554008e-138,-0.509969557022512,0.85,0.877,6.25657764552577e-134
"293","Lpin1",4.94629115726784e-138,0.617911759970583,0.692,0.431,8.95476551111769e-134
"294","Tmtc1",5.82782331048356e-137,0.357610613302653,0.496,0.19,1.05506913212994e-132
"295","Srebf1",7.08794728163282e-137,0.714812570507934,0.946,0.85,1.28320197586681e-132
"296","Snrpg",1.60779474014819e-136,-0.506865420700336,0.863,0.89,2.91075159756428e-132
"297","Hmga1",2.56574660220523e-136,-0.400657779655383,0.167,0.435,4.64502764863235e-132
"298","Prmt1",4.6722552772701e-136,-0.392835129439519,0.77,0.83,8.45865095396979e-132
"299","Ubxn1",4.70495784137749e-136,-0.345571714405603,0.896,0.905,8.51785567602981e-132
"300","Ptx3",7.51673259730553e-136,-0.385046292112165,0.113,0.384,1.36082926941619e-131
"301","Lamc2",9.0096039319027e-136,-0.557951513939152,0.739,0.821,1.63109869583166e-131
"302","Me1",2.78614965674924e-135,0.471233431976033,0.913,0.789,5.04404533857882e-131
"303","Fabp3",4.17881307369889e-135,0.581717944507326,0.231,0.03,7.56532318862448e-131
"304","Samd5",1.01841497118204e-134,-0.356180434738898,0.142,0.428,1.84373846382797e-130
"305","Sema5a",1.73799208732949e-134,-0.49253187389792,0.18,0.46,3.14646087490131e-130
"306","Tnnt2",6.50021134332984e-134,-0.250848418962965,0.08,0.338,1.17679826159643e-129
"307","Wnk2",3.6166559070835e-133,0.395866030862796,0.838,0.579,6.54759385418397e-129
"308","Tuba1a",3.9448039497757e-133,-0.592144601061639,0.531,0.727,7.14167307067393e-129
"309","Igfbp5",7.76165282936349e-133,0.424228885039988,1,0.943,1.40516962822797e-128
"310","Ap3s1",8.70477327407878e-133,-0.467842887998474,0.84,0.883,1.57591215353922e-128
"311","Rbms3",2.43017177749741e-132,-0.311032907137497,0.049,0.294,4.39958298598131e-128
"312","Fst",2.77436987815118e-132,-0.604500933431135,0.009,0.203,5.0227192274049e-128
"313","Eif3m",3.11742806366493e-132,-0.346580386754228,0.781,0.849,5.643791766459e-128
"314","Loxl3",3.49929215229179e-132,-0.383442218864569,0.056,0.295,6.33511851250906e-128
"315","Mcc",6.1915257226648e-132,0.380178447645814,0.739,0.436,1.12091381683124e-127
"316","Il15ra",6.9135964504527e-132,0.343642978342909,0.68,0.38,1.25163750138996e-127
"317","Cnn2",9.42432694771491e-132,-0.623447646677835,0.749,0.862,1.70618015061431e-127
"318","Abca3",1.5652321995146e-131,0.347623730602904,0.87,0.661,2.83369637400122e-127
"319","C1qtnf1",4.43439774316337e-131,-0.396022324925074,0.36,0.633,8.02803367422296e-127
"320","Pigx",4.52916049695933e-131,-0.327338213149126,0.64,0.786,8.19959216369517e-127
"321","Sem1",5.24108603586608e-131,-0.402855800861555,0.95,0.943,9.48846215933196e-127
"322","Dbndd2",6.868056155799e-131,-0.427821073635314,0.579,0.732,1.24339288644585e-126
"323","Wls",7.99698321118631e-131,-0.450141811080675,0.712,0.828,1.44777384055317e-126
"324","Ppp2cb",1.09067351676518e-130,-0.414896010417375,0.799,0.855,1.97455533475169e-126
"325","Eif4a1",1.43733406941208e-130,-0.418203984763901,0.967,0.968,2.60214959926363e-126
"326","Nox4",1.79059973382925e-130,-0.450350761744729,0.276,0.568,3.24170175812448e-126
"327","Trp53",2.06917175459946e-130,-0.355723799826541,0.766,0.843,3.74602854452686e-126
"328","Hnrnpl",5.6996680276742e-129,-0.335625499428745,0.939,0.936,1.03186789973014e-124
"329","Nono",7.93465875827622e-129,-0.340071496107975,0.886,0.92,1.43649062159833e-124
"330","Arhgef38",8.15732122616526e-129,0.373634560322323,0.757,0.451,1.47680143478496e-124
"331","H2-Aa",2.14102733439814e-128,0.867378681641302,0.477,0.199,3.8761158861944e-124
"332","Siva1",3.02031432479651e-128,-0.441913208882926,0.541,0.705,5.46797705361159e-124
"333","Nlrc5",4.75181661184052e-128,0.475285463902069,0.798,0.522,8.60268879407608e-124
"334","Zfp706",4.93613975973567e-128,-0.43818230255675,0.882,0.918,8.93638742102545e-124
"335","Smim22",2.28737249731264e-127,0.478293089075031,0.912,0.802,4.14105916913481e-123
"336","Oaz1",6.13103677567667e-127,-0.417326053605881,0.972,0.971,1.1099628978685e-122
"337","Cnih4",1.11852541665502e-126,-0.365627576689719,0.806,0.855,2.02497841431224e-122
"338","Snrpd1",1.40318321958899e-126,-0.392426274928765,0.799,0.834,2.54032290074392e-122
"339","Klhdc2",2.11985822889314e-126,-0.33791905835278,0.682,0.786,3.83779133758813e-122
"340","Ubald2",2.61350827576147e-126,-0.431674806122764,0.862,0.895,4.73149538243856e-122
"341","Itga8",2.76245121649981e-126,0.466368186040622,0.915,0.754,5.00114168235126e-122
"342","Pfkl",2.76748485742412e-126,0.416841712544262,0.943,0.865,5.01025458588062e-122
"343","Bsg",7.1993218800128e-126,-0.555363097016879,0.968,0.974,1.30336523315752e-121
"344","Abcg2",8.01304062892257e-126,0.350228896566444,0.802,0.57,1.45068087546014e-121
"345","Cct4",1.71420277712047e-125,-0.337817684776851,0.85,0.875,3.10339270769889e-121
"346","Abhd5",2.70918413475291e-125,0.40176862735187,0.845,0.731,4.90470695755667e-121
"347","Gsto1",2.90630963616941e-125,-0.52174972532161,0.677,0.785,5.2615829653211e-121
"348","Ehd4",4.08673081283633e-125,0.377146831259048,0.928,0.863,7.3986174635589e-121
"349","Cxxc5",4.76901113306981e-125,-0.345145181476694,0.594,0.755,8.63381775530959e-121
"350","Map3k1",7.00678932337616e-125,0.366589057891552,0.837,0.573,1.26850913910402e-120
"351","Csn3",7.96456045630006e-125,0.709055803084841,1,0.99,1.44190402500856e-120
"352","Tpbg",8.61948037878329e-125,-0.302107852848241,0.347,0.593,1.56047072777493e-120
"353","Tpm1",1.24373907463726e-124,-0.548106915515626,0.963,0.965,2.2516652207233e-120
"354","Eef1g",1.58516953120537e-124,-0.410427566403532,0.934,0.948,2.8697909192942e-120
"355","Ttpa",1.85574666086277e-124,0.351943177684314,0.811,0.528,3.35964375482596e-120
"356","Plau",4.8798561128618e-124,-0.327068999652522,0.027,0.237,8.834491506725e-120
"357","Coro2a",5.83693976725072e-124,0.402566404475144,0.96,0.786,1.05671957546307e-119
"358","Anxa1",8.78466942605014e-124,-0.915625897283972,0.955,0.972,1.59037655289212e-119
"359","Ifitm2",1.53290951597122e-123,-0.540740036285902,0.926,0.94,2.77517938771429e-119
"360","Vdac1",1.79201495711004e-123,-0.34811406341463,0.879,0.897,3.24426387835201e-119
"361","Muc1",2.28739551064196e-123,0.319723344097924,0.745,0.457,4.1411008324662e-119
"362","Phb2",3.26805520507342e-123,-0.343921308244286,0.856,0.878,5.91648714326493e-119
"363","Pdia6",3.66385117028961e-123,-0.571525898712411,0.915,0.935,6.63303615869231e-119
"364","Nradd",3.91707549495887e-123,-0.307115467352424,0.398,0.628,7.09147347607354e-119
"365","B2m",2.00025216457959e-122,0.602957201896394,0.995,0.993,3.6212565187549e-118
"366","Ube2s",3.45046149567573e-122,-0.491032405874132,0.894,0.893,6.24671549177135e-118
"367","Rhpn2",5.99480609586918e-122,0.333679246478546,0.77,0.493,1.08529969559616e-117
"368","Plaat3",6.07186686398144e-122,0.479262318003857,0.879,0.751,1.0992507770552e-117
"369","Plscr2",6.50572876372552e-122,0.395506185695918,0.736,0.469,1.17779713538487e-117
"370","Chst2",6.766604645908e-122,-0.288873579535869,0.184,0.454,1.22502610509518e-117
"371","Ddit4l",1.122846758768e-121,-0.344480052118572,0.176,0.437,2.03280177207359e-117
"372","Clca3a1",1.80701707435937e-121,0.351286347483841,0.712,0.419,3.2714237114202e-117
"373","Cdkn2b",2.73403852056047e-121,-0.399806422622185,0.438,0.638,4.94970333762268e-117
"374","Pakap",3.43963775071222e-121,-0.383161489580687,0.277,0.567,6.2271201838894e-117
"375","Sfn",7.59861948440957e-121,-0.950481245573826,0.643,0.781,1.37565407145751e-116
"376","Eif1",1.37799260786093e-120,-0.439115346044669,0.988,0.988,2.49471781727142e-116
"377","Id1",2.54258876354618e-120,-0.386885077326332,0.193,0.458,4.60310269752401e-116
"378","Sec16b",4.57295905772762e-120,0.260430054038735,0.539,0.244,8.27888507811008e-116
"379","Tnfrsf12a",1.27110355868322e-119,-0.578765116484702,0.849,0.865,2.30120588264009e-115
"380","Rbm3",2.50479388596528e-119,-0.420784538502637,0.917,0.925,4.53467885115155e-115
"381","Scn1b",3.3886983351699e-119,-0.255707262333142,0.108,0.356,6.13489946599158e-115
"382","Igsf8",9.51385206228813e-119,-0.458528693566219,0.802,0.848,1.72238777735664e-114
"383","Stat1",1.38262884700395e-118,0.585444592495957,0.905,0.74,2.50311126461596e-114
"384","Krt18",1.63311856980514e-118,-0.805719668556149,0.989,0.992,2.95659785877522e-114
"385","Shroom1",2.24793728470896e-118,0.290295119866658,0.755,0.493,4.06966566023711e-114
"386","Cxcl14",4.86605239175626e-118,-0.677235944476274,0.142,0.377,8.80950125003553e-114
"387","Eif4g2",7.77547311869903e-118,-0.341181494440758,0.954,0.957,1.40767165340927e-113
"388","Tle4",1.01857579815714e-117,0.298816757204652,0.708,0.415,1.84402962498368e-113
"389","Rbp1",1.67887639376811e-117,-0.64316810472966,0.967,0.969,3.03943782327778e-113
"390","Fyb2",1.68870464129045e-117,0.304039049212264,0.634,0.343,3.05723088259224e-113
"391","Atp5c1",2.45813252587755e-117,-0.38132256472873,0.885,0.909,4.45020312484872e-113
"392","Cracr2b",2.56917813219566e-117,0.356756771967272,0.916,0.739,4.65124009052703e-113
"393","Snrpb",3.39386196364605e-117,-0.340658500571743,0.896,0.904,6.14424769898481e-113
"394","Tomm22",4.60414206275071e-117,-0.337574896150787,0.783,0.852,8.33533879040388e-113
"395","Ezr",5.88921511446848e-117,-0.396227067845949,0.946,0.958,1.06618350432337e-112
"396","Cryab",7.80503740347763e-117,-0.614636772737639,0.703,0.813,1.41302397152559e-112
"397","Mia",8.84837528451845e-117,-0.603454517366318,0.453,0.632,1.60190986150922e-112
"398","Bnip3l",1.08108549355789e-116,-0.394483265082793,0.827,0.877,1.9571971775372e-112
"399","Fabp5",1.25122357737597e-116,-0.911818683548516,0.392,0.623,2.26521516448145e-112
"400","Nbea",3.76472712624645e-116,0.465336093189927,0.958,0.864,6.81566198935658e-112
"401","S100a14",1.02059255909828e-115,-0.379080994081956,0.063,0.292,1.84768076899153e-111
"402","H2-K1",1.3457602674619e-115,0.524800457439121,0.999,0.996,2.43636438821302e-111
"403","Ets1",1.51469465943502e-115,-0.305883713605538,0.294,0.585,2.74220321144117e-111
"404","Rassf4",1.89698671250147e-115,-0.488903866797622,0.817,0.87,3.43430474431266e-111
"405","Sfr1",5.34497995147855e-115,-0.34755249686193,0.864,0.883,9.67655170415676e-111
"406","Plekhg1",6.97822139474444e-115,0.348833381951739,0.725,0.434,1.26333720130453e-110
"407","Ncor2",8.88631799873102e-115,-0.476577549837515,0.848,0.903,1.60877901049026e-110
"408","Ywhaz",8.95064312718361e-115,-0.361292018523314,0.961,0.971,1.62042443174532e-110
"409","Tspan3",1.78198426403469e-114,-0.396341069932767,0.864,0.88,3.2261043116084e-110
"410","Hnrnpab",2.88603836358729e-114,-0.412771616583169,0.954,0.959,5.22488385343844e-110
"411","Acot7",8.67928961386102e-114,-0.278503242502797,0.305,0.556,1.5712985916934e-109
"412","Prdx1",9.18984394137648e-114,-0.529018835032304,0.962,0.969,1.6637293471468e-109
"413","Cfl1",1.13115093883063e-113,-0.436950938034113,0.971,0.978,2.04783565965897e-109
"414","Lrp1",1.72356998352348e-113,-0.331017226836603,0.087,0.317,3.12035109817091e-109
"415","H2-Q7",1.7609518939459e-113,0.536214635858882,0.923,0.816,3.18802730879967e-109
"416","Tcim",2.24496637252915e-113,-0.663880449595899,0.745,0.85,4.06428712082676e-109
"417","Anln",8.648300096033e-113,-0.308826018759835,0.036,0.235,1.56568824938582e-108
"418","Sms",1.17149693034945e-112,-0.279767591471421,0.326,0.571,2.12087804270464e-108
"419","Etv4",1.28889559783637e-112,-0.263296837412708,0.27,0.538,2.33341659032296e-108
"420","Alyref",1.4172728902126e-112,-0.359416614273685,0.788,0.817,2.56583084044088e-108
"421","Canx",5.58654271130184e-112,-0.358522814494482,0.936,0.939,1.01138769245408e-107
"422","Tes",6.09538121119657e-112,-0.35386974317206,0.874,0.88,1.10350781447503e-107
"423","Slc25a3",1.29811388869304e-111,-0.374876406971493,0.952,0.957,2.35010538408987e-107
"424","Socs5",2.28882147302073e-111,-0.395414411489483,0.632,0.785,4.14368239475674e-107
"425","Cttn",5.79025793057392e-111,-0.350861384628719,0.929,0.943,1.0482682957511e-106
"426","Dok1",1.02391293842498e-110,-0.35163427709149,0.381,0.582,1.85369198372458e-106
"427","Uqcrh",1.24626621127928e-110,-0.336899928453455,0.905,0.925,2.2562403489e-106
"428","Isoc1",1.52505802444773e-110,0.424401650560823,0.881,0.805,2.76096504746017e-106
"429","Prdx2",1.93659760264695e-110,-0.428812852545611,0.92,0.929,3.50601629983204e-106
"430","Fgfrl1",2.44095483445156e-110,-0.393328936296784,0.419,0.641,4.4191046322911e-106
"431","Pls3",7.29101535437431e-110,-0.442662045344648,0.711,0.804,1.31996541975592e-105
"432","Areg",9.9939951832825e-110,-0.602062855304916,0.057,0.274,1.80931288798146e-105
"433","Srsf9",2.07029035232263e-109,-0.309572759240266,0.835,0.873,3.74805365384488e-105
"434","Phc2",3.0514231214442e-109,-0.331694422819978,0.865,0.881,5.52429641906258e-105
"435","Sorbs2",3.09590869986911e-109,0.630319085333886,0.993,0.95,5.60483311024303e-105
"436","Gda",3.98726557222477e-109,0.389260446371147,0.883,0.701,7.21854559195571e-105
"437","Mpzl2",5.86126022400951e-109,-0.418531652304136,0.579,0.751,1.06112255095468e-104
"438","Mmp16",6.96406312337394e-109,0.33239135018458,0.593,0.295,1.26077398785562e-104
"439","Fam162a",7.31030537742563e-109,-0.523513274831906,0.723,0.816,1.32345768552914e-104
"440","Ociad2",9.6124798647209e-109,-0.277379981919279,0.356,0.591,1.74024335470907e-104
"441","Sparc",1.03245976648554e-108,-0.998787875221652,0.389,0.553,1.86916516124543e-104
"442","Mt1",1.45163264682665e-108,-1.0903837511064,0.758,0.854,2.62803574381496e-104
"443","Fn1",1.60021578627291e-108,-1.08829020672734,0.018,0.193,2.89703065946847e-104
"444","Scx",3.05624657387666e-108,-0.282347961139163,0.192,0.442,5.53302879734631e-104
"445","Pcsk7",3.17580284522881e-108,0.337427324490413,0.884,0.718,5.74947347100223e-104
"446","Eef2",3.18300722450042e-108,-0.380991537334241,0.985,0.991,5.76251627923556e-104
"447","Rnf128",7.27475792866651e-108,0.28350149141053,0.715,0.497,1.31702217540578e-103
"448","Ctsh",1.09217143830191e-107,0.353299280062703,0.975,0.902,1.97726717190177e-103
"449","Actn1",1.39632200486932e-107,-0.635415580149951,0.889,0.919,2.52790135761542e-103
"450","Mlf2",1.41855494958498e-107,-0.309888085295302,0.896,0.916,2.56815188072864e-103
"451","Banf1",1.77060837727525e-107,-0.38300984582537,0.836,0.874,3.20550940621911e-103
"452","Paip2",2.02821420172869e-107,-0.29698603217883,0.875,0.896,3.67187899080963e-103
"453","eGFP",2.73294730881906e-107,0.43390791553317,0.944,0.79,4.94772780788604e-103
"454","Cstb",3.7794062889571e-107,-0.50761629804573,0.898,0.917,6.84223714552793e-103
"455","Ecm1",3.98798602457704e-107,-0.955286949187539,0.751,0.813,7.21984989889428e-103
"456","Polr1d",9.02293681777034e-107,-0.282189463567203,0.926,0.919,1.63351248148914e-102
"457","Rcn2",1.3877951533109e-106,-0.285489050569669,0.506,0.698,2.51246434555405e-102
"458","Grcc10",1.71570806108446e-106,-0.345993496374974,0.906,0.924,3.10611787378731e-102
"459","Pcbp1",2.42639894424394e-106,-0.337326965995975,0.931,0.937,4.39275264865923e-102
"460","Hdgf",3.08767282165849e-106,-0.341879402771089,0.879,0.897,5.58992287633053e-102
"461","Nedd4",6.74020178943653e-106,-0.338203321014617,0.985,0.974,1.22024613195959e-101
"462","Klk8",8.62243409080084e-106,-0.901579951663281,0.194,0.431,1.56100546779858e-101
"463","Gbp8",1.83856468410594e-105,0.398838375668837,0.536,0.251,3.32853750410539e-101
"464","Slc5a8",2.11813281945765e-105,0.269601863959275,0.821,0.542,3.83466765634612e-101
"465","Mbnl1",3.31292413375834e-105,-0.459424318825853,0.606,0.802,5.99771785175611e-101
"466","Acot1",3.83068885305283e-105,-0.420618960509846,0.619,0.773,6.93507909956685e-101
"467","Pycard",5.33890717719129e-105,0.353367333299914,0.716,0.479,9.6655575535871e-101
"468","Ctsb",5.76710553478144e-105,0.478196629393509,0.985,0.969,1.04407678601683e-100
"469","Pon2",7.64495793494677e-105,-0.293793833645179,0.53,0.714,1.38404318454276e-100
"470","Ifi35",1.2187311872161e-104,0.383521437581869,0.889,0.757,2.20639094133603e-100
"471","Mrfap1",1.43891735542163e-104,-0.320563081404783,0.881,0.908,2.60501598025532e-100
"472","H2-T23",2.42173752278496e-104,0.417752130530778,0.923,0.823,4.38431361124989e-100
"473","Npdc1",2.45582117964807e-104,0.346487664693435,0.927,0.841,4.44601866363486e-100
"474","Chmp6",3.10899302929426e-104,-0.323329685376373,0.601,0.721,5.62852098023432e-100
"475","Eif3f",4.1089508376409e-104,-0.371404410445694,0.915,0.936,7.43884459646509e-100
"476","Bglap3",4.28572416403638e-104,0.484934770379276,0.674,0.385,7.75887502657146e-100
"477","Rogdi",4.54012898899651e-104,0.315367180508121,0.666,0.444,8.21944952167927e-100
"478","Ube2q2",4.91244356199436e-104,-0.42028714155215,0.651,0.79,8.89348782463458e-100
"479","Ano1",6.04528225770545e-104,0.426370619435331,0.985,0.926,1.09443789993499e-99
"480","Serinc2",6.82460211321165e-104,-0.360451228086943,0.915,0.915,1.23552596657584e-99
"481","Pmm1",6.89644993493143e-104,-0.302092590925148,0.441,0.661,1.24853329621999e-99
"482","Anapc11",7.12471641504579e-104,-0.328338357460037,0.8,0.849,1.28985865977989e-99
"483","Nucks1",8.69302170800861e-104,-0.400284203523225,0.861,0.874,1.57378465001788e-99
"484","Gsn",9.35586975664127e-104,-0.43226512803291,0.501,0.676,1.69378666074234e-99
"485","Stk39",9.69202143894743e-104,0.409420408954498,0.992,0.958,1.75464356130704e-99
"486","Hdac2",1.18696855810559e-103,-0.296864784710758,0.652,0.771,2.14888787759436e-99
"487","Npc2",1.42484641435734e-103,-0.406925855914058,0.873,0.896,2.57954194855252e-99
"488","Gbp6",2.85286140426834e-103,0.450527889809895,0.558,0.276,5.1648202862874e-99
"489","Steap3",3.1770606059492e-103,0.285619940318737,0.718,0.467,5.75175052101043e-99
"490","Arf5",3.7524489746572e-103,-0.338126187094299,0.935,0.945,6.7934336237194e-99
"491","Arl6ip1",4.33573375472559e-103,-0.432851933344133,0.878,0.901,7.8494123895552e-99
"492","Commd3",7.01967919168219e-103,-0.333853799437241,0.763,0.834,1.27084272086214e-98
"493","Bri3bp",8.39878637349139e-103,-0.273506079639389,0.567,0.727,1.52051628505688e-98
"494","Cct8",9.32010910738772e-103,-0.305110908976978,0.839,0.864,1.68731255280147e-98
"495","H2-Q6",1.22166813611119e-102,0.41487783306703,0.847,0.637,2.21170799361569e-98
"496","Nudc",2.04318600773454e-102,-0.329999577455001,0.814,0.863,3.69898394840262e-98
"497","Dnm2",3.74581014471868e-102,0.347212742416413,0.965,0.889,6.78141468599869e-98
"498","Thoc7",4.48112323134369e-102,-0.277970375339831,0.797,0.843,8.11262549802463e-98
"499","Rtraf",5.15064298433432e-102,-0.32670222106031,0.83,0.873,9.32472405883885e-98
"500","Tmem50a",5.65036953205143e-102,-0.325136257358025,0.807,0.862,1.02294290008259e-97
"501","Ptprs",5.79994327095806e-102,-0.362773843167352,0.549,0.741,1.05002172977425e-97
"502","Serpinb6a",6.29678913546032e-102,-0.369020987675929,0.75,0.832,1.13997070508374e-97
"503","Per1",1.03928457636006e-101,0.372778204620477,0.906,0.743,1.88152079704226e-97
"504","Nucb2",1.06044704804888e-101,0.314787524198763,0.821,0.608,1.91983333578769e-97
"505","Moxd1",1.57304238735465e-101,-0.488390571285705,0.229,0.444,2.84783593806686e-97
"506","Tnfaip2",3.50405959942391e-101,-0.293203077819096,0.091,0.316,6.34374949879706e-97
"507","Fam174b",4.55421827496052e-101,0.289584164503489,0.836,0.603,8.24495676498852e-97
"508","Eif3e",5.73884096562857e-101,-0.309686753369068,0.819,0.861,1.0389597684174e-96
"509","Rnf7",1.09913132538774e-100,-0.287166843009789,0.752,0.811,1.98986735148197e-96
"510","Tspo",1.29765573313075e-100,-0.518477281487174,0.896,0.921,2.34927593925991e-96
"511","Rab31",1.63027794808378e-100,-0.301840996842859,0.311,0.554,2.95145519721088e-96
"512","Tspan4",1.66022766309552e-100,-0.393801781358553,0.655,0.75,3.00567616126812e-96
"513","Polr2e",1.66425768618024e-100,-0.286567048566145,0.798,0.841,3.01297211506071e-96
"514","Ifit3",3.11305469497474e-100,0.402681322201962,0.404,0.152,5.63587421978227e-96
"515","Ramp1",4.39146053004023e-100,-0.571317183808247,0.624,0.737,7.95030014358483e-96
"516","Arhgef2",5.15667968294331e-100,-0.298191107356472,0.515,0.722,9.33565289800057e-96
"517","Csn1s2b",8.08751750582223e-100,0.688874751959955,0.305,0.103,1.46416416925406e-95
"518","Tsc22d1",8.19559212604488e-100,-0.528451260805079,0.717,0.797,1.48372999849917e-95
"519","Palmd",1.17509262397399e-99,0.362497473779818,0.865,0.655,2.12738768644251e-95
"520","Golim4",1.6189307266387e-99,-0.384402111636927,0.877,0.912,2.9309121875067e-95
"521","Pxdn",2.65275397475809e-99,-0.296711992379037,0.342,0.584,4.80254579590205e-95
"522","Spcs1",5.12208755330835e-99,-0.372065189329251,0.858,0.907,9.27302730650943e-95
"523","Ctnnb1",7.39829320794317e-99,-0.369498879283256,0.906,0.921,1.33938700236603e-94
"524","Eif5a",1.30216556466793e-98,-0.442925675997737,0.965,0.962,2.35744053827481e-94
"525","Cited4",2.19914987388451e-98,0.443875437443275,0.925,0.784,3.98134093168053e-94
"526","Lsm8",3.93828881063663e-98,-0.289939067001377,0.616,0.735,7.12987806277655e-94
"527","Lhfp",4.15391722708673e-98,-0.4262087218231,0.564,0.743,7.52025174791781e-94
"528","Gpx4",7.43669597693622e-98,-0.439635957442359,0.982,0.983,1.34633943966453e-93
"529","Nsa2",8.56147387000474e-98,-0.305486281508445,0.862,0.888,1.54996922942566e-93
"530","Apol9a",8.63853460302659e-98,0.425048991137098,0.799,0.591,1.56392030453193e-93
"531","Pced1b",9.39818298410821e-98,0.334700476707958,0.835,0.628,1.70144704744295e-93
"532","Arl4a",9.59779162848431e-98,0.39666262044514,0.879,0.735,1.7375841964208e-93
"533","Eva1b",2.05849458397825e-97,0.426846195279208,0.946,0.878,3.72669859483423e-93
"534","Slc12a2",2.16666073842879e-97,0.371899425137435,0.952,0.866,3.92252260085148e-93
"535","Cd9",2.23469573679786e-97,-0.486613289308038,0.97,0.967,4.04569316189884e-93
"536","Reep4",2.57913683011235e-97,-0.305569088685797,0.458,0.626,4.66926931723539e-93
"537","Hnrnpu",2.69672594142954e-97,-0.320371146355745,0.966,0.964,4.88215264436404e-93
"538","Shisa2",4.01386883939505e-97,-0.260187512181925,0.274,0.503,7.26670814684079e-93
"539","Sypl",6.83052339974372e-97,-0.284410662938413,0.739,0.804,1.2365979562896e-92
"540","Rasal1",8.78153702472145e-97,0.264111436248872,0.728,0.467,1.58980946295557e-92
"541","Inhba",9.43361112760885e-97,-0.395352532109782,0.035,0.215,1.70786095854231e-92
"542","Krt17",1.01581021853319e-96,-0.664562827133595,0.024,0.197,1.83902281963249e-92
"543","Nav1",1.19494655025046e-96,-0.323121005820287,0.307,0.551,2.16333123457343e-92
"544","1700025G04Rik",1.31817883088676e-96,0.41295497860307,0.997,0.963,2.38643095543739e-92
"545","Tmprss4",2.41968059526996e-96,0.286575497810229,0.57,0.323,4.38058974967674e-92
"546","Tubb6",4.2262114042486e-96,-0.398525630538313,0.331,0.53,7.65113312625167e-92
"547","Wwc1",1.42008322398374e-95,0.392011602668599,0.981,0.918,2.57091866870017e-91
"548","Fbl",2.66974111701425e-95,-0.306100269599599,0.738,0.787,4.83329931824261e-91
"549","Eif1ax",3.80387260977244e-95,-0.297860667199766,0.781,0.836,6.88653097273202e-91
"550","Ube2c",7.1026710076531e-95,-0.817197975272266,0.099,0.3,1.28586755922552e-90
"551","Col9a1",7.29013804919145e-95,0.294197844784984,0.953,0.788,1.31980659242562e-90
"552","Ddx60",7.64114093904131e-95,0.478050800767484,0.725,0.475,1.38335215560404e-90
"553","St14",1.08711703449658e-94,0.338892674499838,0.982,0.944,1.96811667925261e-90
"554","Ywhae",1.30551692534669e-94,-0.278093770907557,0.951,0.949,2.36350784164765e-90
"555","Psmb8",4.09755388718524e-94,0.444421012451997,0.962,0.944,7.41821155736016e-90
"556","Mt2",4.81678697919809e-94,-0.460372304960746,0.2,0.435,8.72031114714022e-90
"557","Il13ra1",7.07029654789789e-94,-0.268333045934843,0.322,0.543,1.28000648703143e-89
"558","Plod2",8.93740392303582e-94,-0.39879464675596,0.485,0.68,1.6180276062264e-89
"559","Gk",9.96893602713676e-94,0.395432320679796,0.754,0.572,1.80477617835284e-89
"560","Tanc1",1.36209052503237e-93,0.398784661132482,0.967,0.904,2.46592868651859e-89
"561","Lypd3",3.18578518330644e-93,-0.406724084507217,0.369,0.568,5.76754549585797e-89
"562","Pgp",4.4896253309295e-93,0.374775869854286,0.939,0.88,8.12801769911476e-89
"563","Ube2b",5.08684312182655e-93,-0.288176235650443,0.932,0.926,9.20922078775479e-89
"564","Rbbp7",6.55823189438957e-93,-0.296048336557023,0.792,0.834,1.18730230216029e-88
"565","Sh3bgrl",1.26306721397759e-92,-0.337622276998108,0.74,0.836,2.28665688418504e-88
"566","Irgm1",1.51561479857006e-92,0.474516354231826,0.856,0.68,2.74386903133123e-88
"567","H2-D1",2.28736708116537e-92,0.460334107040272,1,0.997,4.14104936374178e-88
"568","Ryk",2.60687654101147e-92,-0.275522705815446,0.73,0.805,4.71948928984717e-88
"569","Eif2ak2",2.88894384335842e-92,0.334177682867443,0.896,0.758,5.23014393401608e-88
"570","Sf3b4",4.97190768837021e-92,-0.275749608776524,0.694,0.781,9.00114167902544e-88
"571","Stmn1",6.22311359183154e-92,-0.581049546101827,0.492,0.622,1.12663248466518e-87
"572","Ckap4",6.34421480622953e-92,-0.272083283143313,0.302,0.516,1.14855664851979e-87
"573","Ube2n",7.17463573312505e-92,-0.263375634880295,0.827,0.851,1.29889605312496e-87
"574","Tob2",1.00782101886862e-91,0.311589709989314,0.866,0.722,1.82455917255974e-87
"575","Stk40",1.1139177708629e-91,0.325951762306928,0.936,0.818,2.01663673237019e-87
"576","Laptm4a",1.23594158888945e-91,-0.336856673219018,0.947,0.946,2.23754865252547e-87
"577","Tusc3",1.88271165865839e-91,-0.275118265194455,0.68,0.789,3.40846118683515e-87
"578","2610507B11Rik",2.01658060873831e-91,0.313275520494034,0.945,0.869,3.65081753405983e-87
"579","Pa2g4",2.92778856841544e-91,-0.320478200320886,0.838,0.858,5.30046842425931e-87
"580","Chic2",4.19777408952879e-91,-0.333870000906395,0.828,0.877,7.59965021168292e-87
"581","Pfdn2",4.76144571751628e-91,-0.264910439529779,0.825,0.855,8.62012132699147e-87
"582","Trim30a",5.20189995145588e-91,0.345111048574424,0.645,0.406,9.41751967211573e-87
"583","Cd36",1.08808240417057e-90,0.285485338315993,0.178,0.028,1.9698643845104e-86
"584","Eno1",1.21056484675371e-90,-0.403883056414515,0.952,0.959,2.19160659856291e-86
"585","Erbb2",1.42254403343719e-90,0.484045523850109,0.974,0.915,2.57537371813468e-86
"586","Atp5g3",1.83897034021005e-90,-0.397227178492539,0.944,0.959,3.32927190391628e-86
"587","Nupr1",2.08676385058238e-90,-0.923501568307168,0.84,0.878,3.77787727509434e-86
"588","Snrpf",2.64871634088477e-90,-0.34819539404585,0.746,0.792,4.79523606353778e-86
"589","Ifrd1",2.75743461484282e-90,0.498104697063331,0.941,0.862,4.99205962671144e-86
"590","Dapk1",9.35696808440759e-90,0.393610817239214,0.957,0.866,1.69398550200115e-85
"591","F830016B08Rik",9.73720857708958e-90,0.349886824016896,0.467,0.211,1.7628242407963e-85
"592","Hnrnpa2b1",1.21966912570711e-89,-0.322548471897662,0.987,0.979,2.20808898518015e-85
"593","Ccng1",1.26872876920374e-89,-0.486909587559763,0.721,0.801,2.29690656376645e-85
"594","Tcp1",1.41105459801179e-89,-0.306313903780086,0.874,0.9,2.55457324424055e-85
"595","Trim47",2.12645849558555e-89,-0.354714581199213,0.497,0.638,3.84974046040807e-85
"596","Mapk3",2.22125672842912e-89,-0.304767680570778,0.785,0.84,4.02136318114808e-85
"597","Dstn",2.39849247290159e-89,-0.37783826593743,0.951,0.954,4.34223077294104e-85
"598","Nampt",2.55934743001819e-89,0.293543705826383,0.74,0.56,4.63344258730493e-85
"599","Swi5",3.20496531576846e-89,-0.302505566082963,0.899,0.914,5.80226920766722e-85
"600","Spata13",3.86687670018755e-89,0.340114331217915,0.825,0.656,7.00059357801954e-85
"601","Pttg1ip",4.12957931052901e-89,-0.348780715244012,0.694,0.795,7.47619038378172e-85
"602","Taf10",4.24596495806923e-89,-0.302612221112688,0.889,0.903,7.68689496008853e-85
"603","Gbp4",5.47767412378548e-89,0.406253833195035,0.453,0.2,9.91678123370123e-85
"604","Khdrbs3",7.35132555722404e-89,0.352475696115734,0.949,0.877,1.33088397887984e-84
"605","Fkbp1a",7.87702945922433e-89,-0.305450815223602,0.88,0.904,1.42605741329797e-84
"606","Atp5f1",1.02221532064881e-88,-0.300476301587222,0.896,0.915,1.85061861650261e-84
"607","H2afy",1.7701432771949e-88,-0.258366798188957,0.921,0.918,3.20466738903365e-84
"608","Trappc4",1.88461800621544e-88,-0.290360422128999,0.822,0.853,3.41191243845242e-84
"609","Ndst1",2.85792271399815e-88,0.342929487366196,0.937,0.869,5.17398328142225e-84
"610","Rbbp4",3.56514100770906e-88,-0.266303242771707,0.842,0.863,6.45433128035648e-84
"611","Selenoh",5.40729123237779e-88,-0.280801272477349,0.384,0.566,9.78936004709675e-84
"612","Stard5",1.02144353287237e-87,0.310040133600665,0.867,0.728,1.84922137191214e-83
"613","Pde4dip",1.04560638677143e-87,0.257803426549647,0.749,0.534,1.89296580261101e-83
"614","Tcp11l1",1.11214130352051e-87,-0.264101572361297,0.224,0.454,2.01342061589354e-83
"615","Rrp1",1.15190242221516e-87,-0.262767167853455,0.877,0.896,2.08540414517833e-83
"616","Cfb",1.27143467520119e-87,0.329596762931356,0.446,0.208,2.30180533598423e-83
"617","Bcl7c",1.29775810766402e-87,-0.27602936679243,0.688,0.783,2.34946127811494e-83
"618","Eif3i",1.699471142484e-87,-0.307377322731054,0.872,0.897,3.07672255635304e-83
"619","Slc7a5",1.80095047075304e-87,0.330893212389184,0.838,0.648,3.26044073225131e-83
"620","Cd151",3.85377867914282e-87,-0.350349849449721,0.849,0.879,6.97688092072015e-83
"621","Lamc1",4.05260464121199e-87,-0.326426697277225,0.604,0.739,7.33683544245019e-83
"622","Bzw1",4.20763994227796e-87,-0.296299647703572,0.825,0.856,7.61751135150001e-83
"623","Pdlim4",4.3078145414301e-87,0.295847686549008,0.643,0.378,7.79886744580505e-83
"624","Bax",4.32416533977552e-87,-0.372592604961286,0.903,0.893,7.82846893112961e-83
"625","Trabd2b",4.6723900167015e-87,0.441882537759588,0.834,0.63,8.4588948862364e-83
"626","Nktr",5.52098254865611e-87,0.363727257149345,0.969,0.911,9.99518680608703e-83
"627","Leprotl1",5.54211140603875e-87,-0.274150362341477,0.73,0.812,1.00334384894926e-82
"628","Jdp2",8.79606337700548e-87,0.309823276662921,0.657,0.451,1.59243931377307e-82
"629","Ndfip1",1.03422546122884e-86,-0.333044072645073,0.947,0.936,1.87236177500869e-82
"630","Ftl1",1.05642004353569e-86,-0.499552882049324,0.973,0.983,1.91254284681701e-82
"631","Rab34",1.13256230882494e-86,-0.258327293036524,0.449,0.631,2.05039080389668e-82
"632","Jund",1.24789459706284e-86,0.373682795851057,0.996,0.976,2.25918837852256e-82
"633","Vdac3",1.59017460104565e-86,-0.27609320159648,0.806,0.851,2.87885209773304e-82
"634","Fau",3.20552086398839e-86,-0.404786625579942,0.991,0.993,5.80327497216457e-82
"635","Tmem167",3.52191212307881e-86,-0.293266036136276,0.843,0.88,6.37606970762189e-82
"636","1110038B12Rik",3.77821049697603e-86,-0.365811386336359,0.822,0.869,6.84007228372541e-82
"637","Klk6",5.0576527868219e-86,-1.37586800973675,0.234,0.446,9.15637460526236e-82
"638","Herc6",5.66157926443429e-86,0.442007890761685,0.749,0.533,1.02497231003318e-81
"639","CAAA01147332.1",1.04047082527277e-85,-0.343036894917146,0.913,0.92,1.88366838207382e-81
"640","Rasd1",1.21730058540936e-85,0.44937806518628,0.392,0.17,2.2038009798251e-81
"641","Atp5a1",2.02966776409855e-85,-0.278696603432921,0.948,0.943,3.67451052012402e-81
"642","Acp1",2.09411455725291e-85,-0.283422804749512,0.744,0.817,3.79118499445066e-81
"643","Cdkn2a",2.36771363003579e-85,-0.504870242643688,0.757,0.751,4.28650875581679e-81
"644","1810065E05Rik",2.40136434823422e-85,0.258167860484306,0.502,0.25,4.34743001604322e-81
"645","Itgb8",2.60479237753088e-85,-0.310245451789325,0.408,0.629,4.71571612028191e-81
"646","Rad21",3.04956363033354e-85,-0.306729494998503,0.753,0.812,5.52092999635584e-81
"647","Abhd17c",3.41569916950119e-85,0.295876851758297,0.746,0.579,6.18378177646496e-81
"648","Atic",3.59713135866069e-85,-0.279732503607579,0.605,0.713,6.51224661171932e-81
"649","Eif5",3.63411802938676e-85,-0.309241529960278,0.93,0.934,6.5792072804018e-81
"650","Ppp1ca",4.43084043782804e-85,-0.310700054339095,0.869,0.906,8.02159352864389e-81
"651","Gsr",7.69358461456048e-85,-0.382226555675369,0.695,0.749,1.39284655862003e-80
"652","Cdh19",1.11041790109324e-84,0.265815123471644,0.608,0.356,2.01030056813921e-80
"653","Anxa8",1.48906502027713e-84,-0.371748131144388,0.179,0.361,2.69580331270971e-80
"654","Plec",1.75647293140838e-84,-0.448387552790547,0.848,0.88,3.17991859502174e-80
"655","Map7",1.8951573290838e-84,0.351019548235828,0.946,0.856,3.4309928285733e-80
"656","Cct5",1.91289564884885e-84,-0.270319183445284,0.903,0.895,3.46310628267596e-80
"657","Lgals7",3.26776564406631e-84,-1.00297312150388,0.234,0.447,5.91596292201765e-80
"658","Rbx1",4.05248434618801e-84,-0.267753356847789,0.903,0.916,7.33661766033876e-80
"659","Kit",5.41518522951117e-84,0.443479296706748,0.829,0.597,9.80365133950703e-80
"660","Hspd1",6.06267546323685e-84,-0.391262322465509,0.892,0.91,1.0975867658644e-79
"661","Sec11a",8.15969673729609e-84,-0.262095526650787,0.862,0.882,1.47723149732008e-79
"662","Bst2",1.55444024261634e-83,0.500117917593782,0.976,0.954,2.81415861523262e-79
"663","Pdia4",1.82728547606637e-83,-0.383139355283543,0.876,0.898,3.30811762587056e-79
"664","AU020206",1.87027410250522e-83,0.347208562308931,0.675,0.437,3.38594423517545e-79
"665","Smtn",2.10696507896135e-83,-0.303971553735995,0.476,0.677,3.81444957895163e-79
"666","Gab2",2.22529952201919e-83,0.276412499234647,0.742,0.498,4.02868225466354e-79
"667","Hsp90b1",3.98089985012171e-83,-0.544855744459086,0.984,0.983,7.20702108866035e-79
"668","Cdk14",4.50989803860886e-83,-0.425224687732424,0.7,0.811,8.16471940909749e-79
"669","2410006H16Rik",5.84841681322239e-83,-0.412959694107365,0.855,0.885,1.05879737986578e-78
"670","Jpt1",7.66287524560422e-83,-0.33062252977619,0.891,0.896,1.38728693446419e-78
"671","Trim28",8.0721482651904e-83,-0.27445982732469,0.83,0.855,1.46138172193007e-78
"672","Ddb1",1.69494635106354e-82,-0.269724116692001,0.933,0.934,3.06853087396544e-78
"673","Pgk1",2.00991546166222e-82,-0.512222286258653,0.857,0.889,3.63875095179328e-78
"674","Gng11",2.23013068717134e-82,-0.479374621010079,0.412,0.553,4.037428596055e-78
"675","Alox12e",5.70972819748774e-82,-0.493845385267592,0.008,0.136,1.03368919287318e-77
"676","Arpc2",6.00170835237564e-82,-0.289001569546311,0.945,0.939,1.08654928011409e-77
"677","Trim46",1.06818637016053e-81,0.314758672824584,0.918,0.811,1.93384460453862e-77
"678","Npm3",1.2845971579646e-81,-0.289658350490431,0.69,0.773,2.32563469477911e-77
"679","Mmp15",1.93124401850856e-81,0.314132116144509,0.889,0.706,3.4963241711079e-77
"680","Cdkn1a",2.74247910551539e-81,-0.743843544336894,0.543,0.727,4.96498417262506e-77
"681","Stat2",2.82329612393952e-81,0.380193225732715,0.805,0.599,5.11129530278011e-77
"682","Selenok",3.0476762285425e-81,-0.267878937472859,0.923,0.923,5.51751304415334e-77
"683","Sphk1",3.32664042626665e-81,-0.284742040828124,0.301,0.522,6.02254982771315e-77
"684","Plxdc2",6.80305601138497e-81,-0.375757432194204,0.378,0.591,1.23162526030114e-76
"685","Mif",1.01346071940998e-80,-0.500423050928729,0.951,0.968,1.83476928641983e-76
"686","Irgm2",1.43509010130258e-80,0.364427998646872,0.667,0.427,2.59808711939819e-76
"687","Ctsc",1.48384054505826e-80,-0.408070625023761,0.69,0.786,2.68634492277347e-76
"688","Cks1b",1.91595207125717e-80,-0.368845047556515,0.654,0.734,3.46863962980397e-76
"689","Psma3",2.47886633519192e-80,-0.265693075596007,0.932,0.935,4.48773961323146e-76
"690","Tead1",3.23768670656329e-80,-0.369623241748038,0.894,0.91,5.86150801356218e-76
"691","Mybbp1a",4.76240308524985e-80,-0.301601316185943,0.622,0.735,8.62185454553634e-76
"692","Prtn3",4.81112617372048e-80,-0.824495271325411,0.422,0.575,8.71006282490356e-76
"693","Errfi1",5.02865704649804e-80,0.559822640778043,0.963,0.892,9.10388071698005e-76
"694","2310057J18Rik",5.65826690030938e-80,0.264642427250145,0.409,0.177,1.02437263963201e-75
"695","Bri3",7.4408173787565e-80,-0.3475356637189,0.892,0.92,1.34708557825008e-75
"696","Cks2",7.92870134153471e-80,-0.400796579057201,0.385,0.556,1.43541209087144e-75
"697","Pabpc1",8.69758005079758e-80,-0.322542224938559,0.98,0.983,1.57460989239639e-75
"698","Mrps33",1.44702293820793e-79,-0.255210968058782,0.756,0.828,2.61969032733163e-75
"699","Oasl2",1.75427486490934e-79,0.408379068177431,0.85,0.668,3.17593921543187e-75
"700","H2-Q4",3.21004948131673e-79,0.371066023623729,0.975,0.954,5.81147358097581e-75
"701","Dll1",3.55357942948439e-79,-0.330008405933622,0.28,0.478,6.43340019913854e-75
"702","Cct6a",4.11656645576661e-79,-0.274124051553712,0.85,0.857,7.45263191151987e-75
"703","Snrpd3",4.60652866574912e-79,-0.284424776894689,0.823,0.856,8.33965949647222e-75
"704","Idh2",4.6225676565151e-79,-0.287374438656419,0.634,0.732,8.36869648535493e-75
"705","Lsr",7.14279402499231e-79,-0.28436362476079,0.878,0.898,1.29313143028461e-74
"706","Ndufab1",8.88438498151343e-79,-0.277336542463688,0.886,0.895,1.60842905705319e-74
"707","Txndc17",8.96053377652633e-79,-0.285326462093608,0.862,0.88,1.62221503490233e-74
"708","Mrpl34",9.52963061467639e-79,-0.268529828473915,0.716,0.795,1.72524432648101e-74
"709","Eif2s1",1.13842317209609e-78,-0.252779703180904,0.768,0.807,2.06100131076276e-74
"710","Drap1",1.17973438626866e-78,-0.255916255544442,0.851,0.881,2.13579113290078e-74
"711","Acadl",1.22334724544063e-78,-0.305892614491415,0.836,0.863,2.21474785314572e-74
"712","Tcf3",2.44639415452798e-78,-0.255771449723249,0.704,0.784,4.42895197735745e-74
"713","Capzb",4.2998392110765e-78,-0.270273684613053,0.916,0.931,7.7844289077329e-74
"714","Sbsn",4.83605921321005e-78,-0.541872139176665,0.198,0.368,8.75520159959548e-74
"715","Aaas",5.90058310218564e-78,-0.258967221998681,0.415,0.599,1.06824156481969e-73
"716","Eif4b",9.89491516264084e-78,-0.285751067695096,0.889,0.912,1.7913754410445e-73
"717","Fam107b",1.00750911423459e-77,-0.393184890758295,0.434,0.618,1.82399450041031e-73
"718","Trafd1",1.03955611663523e-77,0.316131704852899,0.882,0.761,1.88201239355641e-73
"719","Palld",1.26148403568609e-77,-0.507685189103393,0.729,0.8,2.2837906982061e-73
"720","Emg1",1.47443669380082e-77,-0.254716557778256,0.792,0.832,2.66932019045701e-73
"721","Ube2m",1.56563859297778e-77,-0.258578571948681,0.891,0.898,2.83443210872697e-73
"722","Dctpp1",2.13287043553596e-77,-0.272149718948052,0.523,0.656,3.86134863649431e-73
"723","Cdk1",2.98364945133928e-77,-0.34392927858335,0.041,0.191,5.40159896670462e-73
"724","Gata3",3.32472707134238e-77,0.307195941234329,0.955,0.88,6.01908588995824e-73
"725","Ttll5",4.13863435904618e-77,-0.267284415916437,0.467,0.649,7.49258364361721e-73
"726","Adam12",4.94379945956149e-77,-0.322846524193191,0.009,0.132,8.95025454159012e-73
"727","Duoxa1",5.00113003633606e-77,0.366891483545229,0.766,0.582,9.05404581778281e-73
"728","Tk1",5.19170152657384e-77,-0.280017494671969,0.152,0.334,9.39905644370928e-73
"729","Pakap.1",5.44427652887371e-77,-0.373877706696582,0.673,0.77,9.85631822787297e-73
"730","Peak1",6.27390364497687e-77,-0.389759645607927,0.689,0.816,1.13582751588661e-72
"731","Ywhaq",7.44639929473147e-77,-0.264270362623833,0.856,0.869,1.34809612831819e-72
"732","Hmga2",1.25571704286786e-76,-0.46162998628163,0.127,0.32,2.27335013440797e-72
"733","Gde1",1.27184705344203e-76,0.2828328889073,0.837,0.765,2.30255190555144e-72
"734","Tmem43",1.88593652777187e-76,-0.283059977038283,0.512,0.666,3.41429948987819e-72
"735","Nutf2",2.62829685806926e-76,-0.271723311244803,0.719,0.794,4.7582686318486e-72
"736","Strap",3.04083731237304e-76,-0.2535378525728,0.702,0.786,5.50513187032014e-72
"737","Vmp1",3.19010207666629e-76,-0.322539309787774,0.832,0.853,5.77536079959665e-72
"738","Clca2",3.52011552950713e-76,0.263127155513648,0.616,0.381,6.3728171546197e-72
"739","Nptn",4.11629108713463e-76,-0.262196616755682,0.887,0.884,7.45213338414854e-72
"740","Per2",4.98230534813594e-76,0.318856319677191,0.638,0.433,9.01996560226531e-72
"741","Nop10",6.38506774158038e-76,-0.2966344090376,0.778,0.841,1.15595266393571e-71
"742","Nudcd2",7.399106828639e-76,-0.264987615807451,0.632,0.718,1.3395343002568e-71
"743","Atp5b",7.6622349020734e-76,-0.319647306369519,0.961,0.955,1.38717100667137e-71
"744","Pafah1b3",8.30655032644786e-76,-0.289610829128966,0.733,0.807,1.50381787110012e-71
"745","Zfp36",8.31582086909052e-76,0.61349062565161,0.88,0.831,1.50549621014015e-71
"746","Pclaf",1.08445745845716e-75,-0.450179445417392,0.042,0.187,1.96330178279085e-71
"747","Hspg2",1.1473729470564e-75,-0.250536812725272,0.242,0.446,2.07720398335091e-71
"748","Fbln5",1.23014598885728e-75,-0.594531414638395,0.558,0.649,2.22705629822722e-71
"749","Tpd52",1.36328161197442e-75,0.297132602663129,0.927,0.875,2.4680850303185e-71
"750","Col9a3",1.63518440828975e-75,-0.433350858196254,0.662,0.723,2.96033785276776e-71
"751","U2af1",3.4288512617514e-75,-0.255330347855359,0.849,0.861,6.20759232427473e-71
"752","Tap2",3.4941727568315e-75,0.322411513239771,0.938,0.854,6.32585035896775e-71
"753","Bcl2",4.2396216089312e-75,-0.401621461722759,0.604,0.785,7.67541096080904e-71
"754","Pdia3",5.74176730250626e-75,-0.40233992858918,0.971,0.975,1.03948955244573e-70
"755","Ptn",6.94751285281366e-75,-0.319506292234967,0.079,0.264,1.25777772687339e-70
"756","Atxn10",7.78352921376551e-75,-0.259443738798807,0.702,0.799,1.40913012886011e-70
"757","Polr3h",1.11975010822442e-74,-0.263642258446189,0.655,0.737,2.02719559592949e-70
"758","Srsf3",1.50978732961142e-74,-0.309159312970674,0.885,0.883,2.73331898152851e-70
"759","Marcks",2.20804542992519e-74,-0.336219855201198,0.779,0.833,3.99744544633657e-70
"760","Impdh2",3.91627568797251e-74,-0.290266173890116,0.711,0.776,7.09002550550544e-70
"761","Morf4l2",5.21378420554001e-74,-0.273781144706882,0.917,0.919,9.43903492570963e-70
"762","Syne2",5.3756430241941e-74,-0.306647757920715,0.581,0.7,9.732064131001e-70
"763","F2rl1",6.41291225103507e-74,-0.352183649241175,0.431,0.58,1.16099363392739e-69
"764","Map4k4",8.38840561410488e-74,-0.275551268262244,0.942,0.929,1.51863695237755e-69
"765","Nhp2",1.09047002428336e-73,-0.35267324610439,0.791,0.822,1.9741869319626e-69
"766","Vgll4",1.11973485032766e-73,0.326353917532211,0.966,0.908,2.0271679730332e-69
"767","Elovl1",1.15419464169545e-73,0.251084012833587,0.853,0.789,2.08955397932544e-69
"768","Tns4",1.16266194294617e-73,-0.289112735963086,0.308,0.49,2.10488318150975e-69
"769","Duox1",1.6829518239203e-73,0.288556660400522,0.456,0.241,3.04681598202531e-69
"770","Alcam",1.8037860149343e-73,-0.362121353018321,0.424,0.606,3.26557420143705e-69
"771","Maml2",3.0761563798789e-73,0.449588167534616,0.962,0.88,5.56907351013275e-69
"772","Lsm2",4.21769427968405e-73,-0.261350240326273,0.597,0.702,7.63571372394e-69
"773","Vasp",4.37797315704917e-73,-0.274736372922948,0.777,0.824,7.92588260352181e-69
"774","Gpsm3",4.70304571165393e-73,-0.272153293312262,0.464,0.652,8.51439395637827e-69
"775","Hipk2",4.7545109052148e-73,-0.32852679065087,0.64,0.765,8.60756654280088e-69
"776","Rala",5.11039001221416e-73,-0.266974964635375,0.862,0.876,9.25185007811251e-69
"777","Flna",5.97089791605989e-73,-0.413834330032056,0.945,0.956,1.08097135872348e-68
"778","Ctxn1",6.69176050952887e-73,-0.309591825191863,0.604,0.73,1.21147632264511e-68
"779","Fam210b",8.95244676737077e-73,0.253453545212472,0.793,0.629,1.6207509627648e-68
"780","Tuba1b",1.15380156895259e-72,-0.480531747875991,0.736,0.772,2.08884236043177e-68
"781","Nr3c2",1.19967272844731e-72,0.272509862031709,0.668,0.429,2.17188750758102e-68
"782","Mdh2",1.36607423825979e-72,-0.293179269182049,0.879,0.91,2.47314080094553e-68
"783","Fbxw7",1.88221809160003e-72,0.354039917640792,0.909,0.807,3.4075676330327e-68
"784","Birc5",2.67479691572284e-72,-0.374149494572746,0.038,0.168,4.84245233622463e-68
"785","Lrrfip1",2.98390555405024e-72,-0.30856340156256,0.814,0.854,5.40206261505256e-68
"786","Gm2a",3.44357086479321e-72,0.25819153878734,0.764,0.602,6.23424069362163e-68
"787","Hmgn2",3.62485811364687e-72,-0.4584183340187,0.564,0.642,6.5624431289463e-68
"788","Usp53",3.76593152361651e-72,0.284919754750936,0.781,0.604,6.81784243035534e-68
"789","Ube2h",4.43349042550218e-72,0.356326155730868,0.97,0.917,8.02639106632915e-68
"790","Rnf145",1.096580019675e-71,0.250099843456788,0.848,0.719,1.98524846761962e-67
"791","Isg15",5.47565648169176e-71,0.485894102040282,0.902,0.778,9.91312849445477e-67
"792","Tmpo",6.67608229855133e-71,-0.284750193256824,0.49,0.634,1.20863793932973e-66
"793","Aopep",1.00360743800687e-70,0.361931121768509,0.994,0.965,1.81693090576763e-66
"794","Plppr3",1.06476649711147e-70,-0.395899105876142,0.67,0.727,1.92765326637061e-66
"795","Sf3b5",1.16698967669262e-70,-0.271349114038815,0.832,0.866,2.11271811068431e-66
"796","Lxn",1.19801728558461e-70,-0.285781711860224,0.667,0.769,2.16889049382238e-66
"797","Reep3",1.38890874342396e-70,-0.269531046815767,0.769,0.811,2.51448038909475e-66
"798","Nme2",1.89443488256766e-70,-0.44305024386643,0.94,0.957,3.42968491140049e-66
"799","Tsen34",1.94287261439233e-70,-0.264520367299088,0.709,0.785,3.51737658109588e-66
"800","Pak1",1.9603992757765e-70,0.316649050810973,0.958,0.895,3.54910684886578e-66
"801","Lmna",2.16792165664139e-70,-0.378806026382025,0.961,0.948,3.92480536718356e-66
"802","Psmb9",4.61850820035388e-70,0.374043956587416,0.886,0.772,8.36134724592066e-66
"803","Arf6",5.5215012263907e-70,-0.321198567300211,0.845,0.867,9.99612582025773e-66
"804","Pqlc1",7.96584521590613e-70,0.25589498631752,0.814,0.714,1.44213661788765e-65
"805","Itpr1",8.60168213145689e-70,0.328431538564026,0.925,0.812,1.55724853307896e-65
"806","Vamp8",1.07853569283926e-69,-0.29777946755947,0.94,0.946,1.9525810183162e-65
"807","Tmem258",1.74536077667357e-69,-0.302803812600742,0.882,0.896,3.15980115008983e-65
"808","Prdx6",2.28385811312861e-69,-0.319837650207285,0.86,0.896,4.13469672800803e-65
"809","Med28",2.7616669171376e-69,-0.266126844951668,0.821,0.865,4.99972178678591e-65
"810","Krt19",2.97508050134732e-69,-0.739135989528003,0.825,0.87,5.38608573963919e-65
"811","Ptprj",3.11209108489929e-69,0.385399854740749,0.93,0.824,5.63412970010168e-65
"812","Mbnl2",3.68135558560591e-69,0.337202137610961,0.99,0.955,6.66472615218093e-65
"813","Ddost",6.31652192679052e-69,-0.290088435016451,0.886,0.903,1.14354312962616e-64
"814","Boc",1.41077591214438e-68,0.346856990460377,0.825,0.64,2.55406871134618e-64
"815","Prkar1a",2.55102042138117e-68,-0.267362444296663,0.909,0.932,4.61836737086848e-64
"816","Cenpa",2.66258731089548e-68,-0.368078293991375,0.094,0.247,4.82034806764517e-64
"817","Mrpl52",2.8203897782631e-68,-0.287253744870129,0.849,0.868,5.10603365456752e-64
"818","Sptbn1",3.28181187974176e-68,-0.256450966013838,0.932,0.928,5.94139222708447e-64
"819","Ttc39b",3.42944526538307e-68,-0.347061316853141,0.667,0.761,6.20866770844951e-64
"820","Shroom3",4.44674139314855e-68,0.321495282106081,0.981,0.92,8.05038061815613e-64
"821","Mki67",4.72997419865705e-68,-0.447931389384954,0.053,0.178,8.56314528924872e-64
"822","Abtb2",5.50653112446313e-68,0.334725598563266,0.87,0.732,9.96902394772805e-64
"823","Wwp2",5.77089728713092e-68,-0.403923080682639,0.716,0.798,1.04476324486218e-63
"824","Anp32e",8.26409445447541e-68,-0.257984465724606,0.482,0.616,1.49613166003823e-63
"825","Timm10b",1.38626148952048e-67,0.283120863405487,0.959,0.917,2.50968780062788e-63
"826","Lamb3",1.39834979487214e-67,0.297769518975648,0.945,0.856,2.53157246863653e-63
"827","Cystm1",1.66637954341338e-67,-0.341030174231619,0.859,0.874,3.01681352539558e-63
"828","Myof",2.50161960647344e-67,-0.367728872601746,0.815,0.846,4.52893213555951e-63
"829","Hmgb2",3.35466001884237e-67,-0.615996148268058,0.504,0.623,6.07327649811222e-63
"830","Lmnb1",8.87359522829846e-67,-0.308265796273093,0.368,0.535,1.60647568013115e-62
"831","Prkd1",9.25097651443797e-67,-0.386014993501304,0.61,0.748,1.67479678817385e-62
"832","Psma2",1.32770839531958e-66,-0.258708539477148,0.896,0.904,2.40368327888657e-62
"833","Gbp10",1.49643909027762e-66,0.299345572513105,0.37,0.166,2.7091533290386e-62
"834","Sox4",2.8247579067623e-66,-0.411345568351838,0.961,0.968,5.11394171440247e-62
"835","Mtss1",3.34271666343132e-66,0.325884970894909,0.968,0.909,6.05165424747606e-62
"836","Hsd17b12",5.96578708267217e-66,0.294247389223135,0.93,0.858,1.08004609344697e-61
"837","Oas3",6.50722363293845e-66,0.266166343567248,0.571,0.355,1.17806776650718e-61
"838","Tnc",1.21661093063844e-65,-0.713515798082588,0.961,0.913,2.20255242882783e-61
"839","Pttg1",1.30690579786269e-65,-0.280638662943248,0.191,0.37,2.36602225645061e-61
"840","Crip2",1.77770247374286e-65,-0.34891980121701,0.948,0.943,3.21835255846408e-61
"841","Fxyd5",2.34109421395583e-65,-0.324118131494776,0.3,0.514,4.23831696494563e-61
"842","Ano6",2.90910113954363e-65,-0.309898031487579,0.829,0.882,5.26663670302978e-61
"843","Fkbp5",3.09713277281044e-65,0.291834019253093,0.798,0.63,5.60704917189602e-61
"844","Ece1",3.48476621939462e-65,-0.301839969217836,0.639,0.728,6.30882076359202e-61
"845","Dut",3.49572957862248e-65,-0.2850214898444,0.349,0.5,6.32866882913815e-61
"846","Prelid1",3.62049913181069e-65,-0.277253136592865,0.932,0.942,6.55455162823007e-61
"847","Dek",4.22174012161042e-65,-0.286335526221939,0.676,0.742,7.6430383161635e-61
"848","Spaar",4.47734786493426e-65,0.252503872732026,0.745,0.533,8.10579057467699e-61
"849","Dusp4",5.64390483928984e-65,-0.344873602892799,0.336,0.549,1.02177253210503e-60
"850","Manf",6.20297381098289e-65,-0.50725665507595,0.88,0.906,1.12298637874034e-60
"851","Pgam1",7.20388972209445e-65,-0.428310364329606,0.866,0.905,1.30419219528798e-60
"852","Car2",7.87292349581148e-65,0.283443811954067,0.915,0.777,1.42531406968171e-60
"853","Cfap77",1.28058204695533e-64,-0.400378034262587,0.765,0.854,2.31836573780793e-60
"854","Sfpq",2.06204361331195e-64,-0.250644003303231,0.938,0.916,3.73312375753996e-60
"855","Tln1",2.38196994345301e-64,-0.279278914526628,0.882,0.904,4.31231838562732e-60
"856","Srgn",2.70729533441646e-64,0.665625858246073,0.581,0.37,4.90128747342757e-60
"857","Dynll1",4.13098199698105e-64,-0.323974206260487,0.947,0.946,7.4787298073345e-60
"858","Ypel3",5.77820235246202e-64,-0.391876233553123,0.807,0.854,1.04608575388972e-59
"859","Actb",7.1558110027624e-64,-0.480333644093426,0.996,0.997,1.2954880239401e-59
"860","Pam",7.73403703642318e-64,-0.28161085548187,0.857,0.87,1.40017006507405e-59
"861","Abhd2",8.15692420144142e-64,-0.427913828367119,0.904,0.918,1.47672955742895e-59
"862","Dock9",1.28681336697002e-63,-0.324102839449337,0.84,0.88,2.32964691956253e-59
"863","Smad7",1.6213359143657e-63,-0.323554145319143,0.557,0.674,2.93526653936766e-59
"864","Vav3",1.62657842359543e-63,-0.303437961391239,0.528,0.7,2.94475757807716e-59
"865","Cenpf",2.01705477926113e-63,-0.339822342324249,0.029,0.149,3.65167597237435e-59
"866","Cyba",4.64192221874263e-63,0.379242979416463,0.955,0.914,8.40373598481165e-59
"867","Ilk",1.04328080244067e-62,-0.268154365771038,0.806,0.842,1.88875556473858e-58
"868","Timm17a",1.28477974365819e-62,-0.256672397146033,0.782,0.85,2.32596524791878e-58
"869","Deptor",1.53984926640735e-62,0.327622337477517,0.84,0.702,2.78774311190386e-58
"870","Sept9",3.24470782396086e-62,-0.263528307982041,0.874,0.895,5.87421904449874e-58
"871","Bach2",3.9147278187221e-62,-0.287634327829669,0.51,0.696,7.08722324301449e-58
"872","Lyn",4.78571605429945e-62,0.286964082721387,0.903,0.787,8.66406034470372e-58
"873","Top2a",5.37197650413262e-62,-0.482714703948293,0.046,0.166,9.72542626308169e-58
"874","Emid1",5.51923532568408e-62,-0.589201261442027,0.483,0.599,9.99202363361845e-58
"875","Fgfr1",5.89058756866525e-62,-0.357266115749722,0.943,0.938,1.06643197343116e-57
"876","Lims1",6.00203851660351e-62,-0.274685041239718,0.859,0.887,1.0866090530459e-57
"877","Gnb2",7.84132550958658e-62,-0.255240186233195,0.944,0.948,1.41959357025555e-57
"878","Itgb4",1.39497247755361e-61,-0.412980686242284,0.885,0.896,2.52545817336306e-57
"879","Wdfy2",1.58466617198118e-61,0.278659907697324,0.82,0.687,2.86887963775473e-57
"880","Dsg2",1.84815044180007e-61,-0.287655979530338,0.81,0.844,3.34589155983485e-57
"881","Fndc3b",3.75260998554074e-61,0.309949428886144,0.981,0.949,6.79372511782295e-57
"882","Cst6",4.29223232697562e-61,-0.982150541957814,0.067,0.222,7.77065740475667e-57
"883","Snrpd2",4.742992764879e-61,-0.250121314942791,0.856,0.868,8.58671410153694e-57
"884","Gbp3",5.92782551847828e-61,0.304367154286291,0.721,0.518,1.07317353186531e-56
"885","Mxi1",7.88351002206052e-61,-0.260252254543565,0.495,0.655,1.42723065439384e-56
"886","Tanc2",1.95977639366981e-60,-0.38829450930125,0.967,0.953,3.54797918309982e-56
"887","Apol9b",2.03075706902355e-60,0.277294677757576,0.652,0.453,3.67648259776023e-56
"888","Trpm3",2.70953962039531e-60,-0.459017963201097,0.153,0.291,4.90535052876366e-56
"889","Itpr2",3.16615303792849e-60,0.297363782414189,0.917,0.811,5.73200345986573e-56
"890","Lgals3bp",3.97609955956e-60,0.332822031744137,0.923,0.835,7.19833064262742e-56
"891","Pde7b",4.41654636402462e-60,0.392291179721983,0.962,0.859,7.99571553743018e-56
"892","Lhfpl2",5.9047016300998e-60,-0.321844359334292,0.586,0.699,1.06898718311327e-55
"893","Smc4",2.38495321605554e-59,-0.293960126002746,0.339,0.475,4.31771930234696e-55
"894","Marcksl1",4.71806675335223e-59,-0.343793573054445,0.931,0.938,8.54158805026887e-55
"895","Osmr",6.17332757200342e-59,-0.319190189936561,0.694,0.792,1.1176192236355e-54
"896","Cdc20",7.03788902785367e-59,-0.251864926770983,0.049,0.173,1.27413942960263e-54
"897","Hp",9.81381143452332e-59,-0.534011517691177,0.042,0.178,1.7766924221061e-54
"898","Dbn1",1.27198172385252e-58,-0.268950551226867,0.405,0.566,2.30279571286259e-54
"899","Lurap1l",1.314072998472e-58,-0.356600342435476,0.818,0.857,2.37899775643371e-54
"900","Prss22",1.51645017730082e-58,-0.319252799363921,0.298,0.464,2.7453814009854e-54
"901","Muc4",3.39640367490266e-58,0.310636002442777,0.571,0.359,6.14884921304377e-54
"902","Fryl",8.67805194712853e-58,-0.326824622424013,0.84,0.859,1.57107452450815e-53
"903","Cdk19",1.34381234024485e-57,-0.310059710345844,0.742,0.827,2.43283786077928e-53
"904","Ptgs2",2.03382734298761e-57,-0.443634710763672,0.085,0.238,3.68204102174476e-53
"905","Endod1",5.43583015466586e-57,-0.324561048650776,0.477,0.64,9.84102691200708e-53
"906","Nrg2",1.15949422349644e-56,0.321924471517887,0.557,0.354,2.09914834221796e-52
"907","Ppp1r2",1.41852640392141e-56,-0.267455186888199,0.808,0.849,2.56810020165932e-52
"908","Sdc4",3.52953920939352e-56,-0.343783921172433,0.958,0.948,6.38987778468603e-52
"909","Tmem14c",5.7067186792374e-56,-0.26496714013384,0.817,0.868,1.03314434968914e-51
"910","Psmb10",7.16419991785579e-56,0.324637140839635,0.841,0.743,1.29700675312861e-51
"911","Ly6d",1.11996560323712e-55,-0.683998928502596,0.071,0.215,2.02758572810048e-51
"912","Parp14",1.39286136575144e-55,0.328655970732481,0.851,0.702,2.52163621655641e-51
"913","Pdlim7",1.92467600596166e-55,-0.327846278796187,0.778,0.806,3.48443344119299e-51
"914","Baiap2",2.11440890087107e-55,-0.271342699264584,0.902,0.898,3.82792587413698e-51
"915","Krt8",2.39035227764351e-55,-0.634999301398482,0.988,0.983,4.32749376344581e-51
"916","Mdga2",3.19445320829056e-55,0.462045377371286,0.932,0.868,5.78323808828922e-51
"917","Nme1",4.74127434116432e-55,-0.365169332528759,0.881,0.905,8.58360306724389e-51
"918","Pdlim5",6.84861806261307e-55,-0.347577215082371,0.921,0.933,1.23987381405547e-50
"919","Col9a2",8.12824297691734e-55,-0.334176562164744,0.47,0.588,1.47153710854112e-50
"920","Heg1",1.0060443005181e-54,-0.416756484046871,0.736,0.762,1.82134260165796e-50
"921","Trf",1.07519821438011e-54,0.385143094059493,0.998,0.995,1.94653884731376e-50
"922","Gabrp",1.46422656710352e-54,-0.288915638627687,0.761,0.699,2.65083577708421e-50
"923","Tgif1",2.01812741765823e-54,-0.340152305306742,0.702,0.779,3.65361787692846e-50
"924","Agfg1",3.10428851919365e-54,0.281969435622112,0.922,0.855,5.62000393514818e-50
"925","Atox1",8.64336051314253e-54,-0.259332834800779,0.947,0.93,1.56479398729932e-49
"926","Creld2",2.82785569422451e-53,-0.307998801289338,0.732,0.765,5.11954994882405e-49
"927","Shf",3.13513167050937e-53,0.264370604345948,0.975,0.921,5.67584237629017e-49
"928","Aldh1a3",3.23651307068761e-53,-0.927105379020066,0.453,0.589,5.85938326317284e-49
"929","Aldoa",4.04680339609924e-53,-0.477427520875072,0.955,0.974,7.32633286829807e-49
"930","Plekhb1",4.52691993069306e-53,-0.292271492506666,0.767,0.808,8.19553584252672e-49
"931","Fosb",7.36021384133015e-53,0.590092097386046,0.735,0.628,1.33249311383441e-48
"932","Psrc1",9.46487008993562e-53,-0.362880572359189,0.456,0.622,1.71352008108194e-48
"933","Ctsl",1.41623142995751e-52,-0.421642798299501,0.906,0.92,2.56394538079508e-48
"934","Tapbp",1.86845018185218e-52,0.296844916259354,0.943,0.921,3.38264220922519e-48
"935","H2-T22",2.03933105199353e-52,0.289483240432343,0.81,0.695,3.69200493652909e-48
"936","Synpo",2.44316954527229e-52,-0.264598955218592,0.537,0.656,4.42311414476096e-48
"937","Igfbp2",2.52162804800829e-52,0.602393821569796,0.67,0.515,4.5651554181142e-48
"938","Hip1",2.93097760892199e-52,-0.267244549590116,0.405,0.535,5.30624186319237e-48
"939","Lgals9",5.13128138238487e-52,0.345832619053708,0.92,0.874,9.28967181466956e-48
"940","Gm7030",5.98673391570253e-52,0.266834093825435,0.83,0.717,1.08383830809879e-47
"941","Dip2c",7.21255280919407e-52,0.351155913953152,0.947,0.869,1.30576056057649e-47
"942","Epn2",9.28331967303776e-52,-0.256623963126444,0.713,0.761,1.68065219360676e-47
"943","Ncoa1",1.81027085399274e-51,0.265592656058432,0.907,0.818,3.27731435406846e-47
"944","Creb5",2.94174426196074e-51,0.344261281439184,0.851,0.688,5.32573381185373e-47
"945","Rabep1",6.65557125321102e-51,-0.252973761880492,0.628,0.721,1.20492461968132e-46
"946","Sdf2l1",8.57411009418423e-51,-0.328675551766752,0.697,0.738,1.55225689145111e-46
"947","Pdzrn3",6.53427225351312e-50,0.364162946816594,0.962,0.882,1.18296464877602e-45
"948","Inhbb",1.80537491565479e-49,-0.343044761573889,0.77,0.806,3.26845074730143e-45
"949","Plod1",2.02922959509133e-49,-0.257531594114952,0.622,0.675,3.67371725895335e-45
"950","Atp6v0e",3.90523004311459e-49,-0.255405669797244,0.902,0.927,7.07002847005466e-45
"951","Pebp1",7.80963295669955e-49,-0.254183238479121,0.942,0.947,1.41385595048089e-44
"952","Ucp2",2.1071132760679e-48,0.302436498209896,0.983,0.961,3.81471787499332e-44
"953","Dusp16",3.34022021385268e-48,0.286301531744772,0.855,0.719,6.04713467515888e-44
"954","Ndufa4",5.80092670506742e-48,-0.274377084913125,0.951,0.954,1.05019977068541e-43
"955","Nudt4",2.18919057349931e-47,-0.291341535584702,0.858,0.885,3.96331061426316e-43
"956","Casp3",2.61445662940147e-47,-0.263397870538517,0.789,0.824,4.73321228186843e-43
"957","Ccdc141",2.67429074230151e-47,-0.289670412906829,0.511,0.616,4.84153595986266e-43
"958","Tpi1",2.84258291552412e-47,-0.366868933267063,0.924,0.932,5.14621211026486e-43
"959","Fasn",4.29009413802296e-47,0.323708590536304,0.832,0.742,7.76678642747677e-43
"960","Eif6",5.88373978129106e-47,-0.261095703852602,0.811,0.849,1.06519225000493e-42
"961","Gng5",7.72980520958321e-47,-0.259267595357113,0.953,0.964,1.39940393514294e-42
"962","Vdr",1.18483909062511e-46,0.324697978857808,0.959,0.911,2.1450326896677e-42
"963","Gm10863",1.38771090488848e-46,0.255952349718799,0.789,0.639,2.5123118222101e-42
"964","Tiam2",1.77194349496259e-46,-0.324026756052195,0.58,0.691,3.20792650328027e-42
"965","Trib1",1.84627890471872e-46,0.300355818137853,0.9,0.808,3.34250332910278e-42
"966","Dbi",2.0472623656964e-46,0.322018480735674,0.967,0.933,3.70636378685675e-42
"967","Slco2a1",2.71217033686969e-46,-0.335496138242848,0.759,0.813,4.91011317786888e-42
"968","Hsp90ab1",3.54384966757215e-46,-0.260725058959786,0.999,0.999,6.41578543817262e-42
"969","Rere",5.07922306731129e-46,0.277883448686888,0.979,0.938,9.19542544106035e-42
"970","Mdm2",9.7719085345424e-46,-0.344438241189737,0.752,0.804,1.76910632109356e-41
"971","Epb41l4a",1.00428737671279e-45,0.405122428802015,0.957,0.903,1.81816186680084e-41
"972","Cst3",1.11706403998368e-45,-0.772667214023459,0.913,0.923,2.02233273798645e-41
"973","Large1",6.61771270161543e-45,-0.340623414712082,0.772,0.826,1.19807070750046e-40
"974","H2afx",7.37289187356852e-45,-0.289184831321461,0.494,0.57,1.33478834479085e-40
"975","Tgfb3",7.58258695328958e-45,0.255219279950048,0.869,0.792,1.37275154202355e-40
"976","Mllt3",9.87401263805393e-45,0.293923467309617,0.893,0.806,1.78759124799328e-40
"977","S100a16",1.65169991697647e-44,-0.285765144986335,0.843,0.874,2.99023752969421e-40
"978","Lrba",3.16727553212771e-44,0.273416939144093,0.929,0.835,5.73403562336401e-40
"979","Lgr4",1.41967182581667e-43,0.298884719923448,0.811,0.692,2.5701738734585e-39
"980","Ass1",2.11034821505058e-43,-0.268432999125205,0.621,0.675,3.82057440852757e-39
"981","Zyx",2.23002473480549e-43,-0.30516314587947,0.826,0.847,4.03723677989185e-39
"982","Pbx1",4.29464210196641e-43,-0.264236931480184,0.937,0.937,7.77502006139999e-39
"983","Svil",4.37606453162004e-43,-0.262948946245025,0.878,0.882,7.92242722804491e-39
"984","Plk2",5.62588317540986e-43,-0.305658808936542,0.581,0.693,1.0185098900762e-38
"985","Myl12b",1.08624638245401e-42,-0.252133540108257,0.906,0.905,1.96654045079474e-38
"986","Pkp4",2.3631412775342e-42,-0.253163007924205,0.757,0.806,4.27823096884791e-38
"987","Slc20a1",2.74229330247125e-42,0.31584148432847,0.841,0.729,4.96464779479396e-38
"988","Agps",1.76416970322111e-41,0.263420136418468,0.918,0.833,3.1938528307115e-37
"989","Add3",2.6184637001928e-41,-0.258555965904416,0.64,0.678,4.74046668282904e-37
"990","Atf3",2.74355902482201e-41,0.453178442525592,0.79,0.643,4.96693925853776e-37
"991","Fos",3.21247858797833e-41,0.480715834799078,0.918,0.87,5.81587123567596e-37
"992","Nes",4.79388881244124e-41,-0.317161012261653,0.73,0.783,8.67885630604361e-37
"993","Ncl",5.0206323376182e-41,-0.273974079588624,0.95,0.942,9.08935278402399e-37
"994","Nedd4l",1.58590830476042e-40,0.27279191955906,0.973,0.927,2.87112839493826e-36
"995","Osbpl3",1.63826882603462e-40,-0.267140541669529,0.581,0.687,2.96592188265307e-36
"996","Dst",2.75852861408494e-40,0.256055567297617,0.979,0.946,4.99404020293938e-36
"997","Sat1",3.05248003298762e-40,-0.359478141762364,0.938,0.927,5.5262098517208e-36
"998","Ifit2",6.17086098362923e-40,0.328057335109933,0.293,0.161,1.11717267247624e-35
"999","Slc25a5",8.7859628642055e-40,-0.304699000140409,0.862,0.897,1.59061071693576e-35
"1000","Ppp3ca",9.32227502287081e-40,-0.257824973031186,0.957,0.953,1.68770467014053e-35
"1001","Sqstm1",1.19903054149074e-39,-0.320840252935907,0.951,0.947,2.17072489231483e-35
"1002","Cemip2",4.27753885879715e-39,-0.26414381041558,0.82,0.828,7.74405634996635e-35
"1003","Epcam",6.95728644263471e-39,-0.314046914362263,0.995,0.993,1.25954713757459e-34
"1004","Ifi27l2a",9.60787919698082e-39,0.367506264487776,0.492,0.319,1.73941044982141e-34
"1005","Asap1",2.80321909811913e-38,0.275369087582421,0.919,0.832,5.07494785523486e-34
"1006","Sesn3",4.05215626575193e-38,-0.250187718906649,0.78,0.821,7.3360237035173e-34
"1007","Tomm7",1.18415192253162e-37,-0.261125035677697,0.851,0.859,2.14378864055124e-33
"1008","Gapdh",1.22529478541661e-37,-0.29780779204608,0.966,0.967,2.21827367951822e-33
"1009","Tmsb10",1.8672140556878e-37,-0.343386042477624,0.996,0.992,3.3804043264172e-33
"1010","Arl15",2.613143031731e-37,-0.294061494225054,0.795,0.835,4.73083414464581e-33
"1011","Jun",2.91278497139705e-37,0.493592073244317,0.901,0.86,5.27330591221722e-33
"1012","Ctsd",3.11993537251648e-37,-0.337930959025436,0.989,0.983,5.64833099840384e-33
"1013","Etv6",7.21921619777656e-37,0.252711138838495,0.979,0.938,1.30696690044547e-32
"1014","Tns3",9.31499304441733e-37,-0.271583263983331,0.79,0.793,1.68638634076131e-32
"1015","Arhgap42",1.06452066311738e-36,-0.287105440456569,0.802,0.824,1.9272082085077e-32
"1016","Rgs16",1.14311858010915e-36,-0.382274111665147,0.272,0.324,2.0695018774296e-32
"1017","Id2",4.80487026250626e-36,0.269762105059967,0.847,0.757,8.69873712324134e-32
"1018","Dap",9.0743888008386e-36,-0.259879359605643,0.861,0.884,1.64282734850382e-31
"1019","Mafb",1.80765439646863e-35,-0.342314100978645,0.546,0.627,3.27257751936681e-31
"1020","Itprid1",2.49586565911324e-35,0.252788395297754,0.858,0.735,4.51851518925862e-31
"1021","Ubd",2.52768713728436e-35,0.272520818675844,0.272,0.138,4.5761247933396e-31
"1022","Angptl4",6.15722079836914e-35,-0.40846182031268,0.331,0.457,1.11470325333675e-30
"1023","Cebpb",1.89677119949728e-34,-0.293936597265422,0.98,0.981,3.43391457956987e-30
"1024","Foxp1",2.52550339119002e-34,-0.254480711099832,0.907,0.907,4.5721713394104e-30
"1025","Apod",3.30323819774028e-34,-0.274786698205485,0.031,0.119,5.98018243318901e-30
"1026","Rsad2",7.27483627600379e-34,0.256546783765412,0.251,0.123,1.31703635940773e-29
"1027","Rbp7",7.942906506374e-34,-0.458819789051728,0.394,0.47,1.43798379391395e-29
"1028","Nav3",3.80327593312615e-33,-0.293374243773429,0.848,0.86,6.88545074933158e-29
"1029","Plaur",1.06706227935329e-32,-0.264314644225789,0.321,0.421,1.9318095505412e-28
"1030","Ubc",3.18291029841433e-32,0.259723119276606,0.987,0.985,5.76234080424929e-28
"1031","Myh9",1.28870405272167e-31,-0.306396794619258,0.994,0.995,2.33306981704731e-27
"1032","Pvt1",1.75705036964157e-31,-0.302804393912755,0.561,0.638,3.1809639891991e-27
"1033","Clec2d",7.27015687093441e-31,0.255532325186443,0.891,0.807,1.31618919991397e-26
"1034","Fxyd3",7.44419268719826e-31,-0.32260939975299,0.964,0.957,1.34769664409037e-26
"1035","Cldn4",1.18495511650375e-30,-0.632925265382893,0.736,0.752,2.14524274291838e-26
"1036","Abca1",1.59591942912799e-30,-0.260304062184898,0.742,0.739,2.88925253449332e-26
"1037","Dusp6",2.24716562007203e-30,-0.256129629289875,0.808,0.847,4.06826863857841e-26
"1038","Tacstd2",2.427188882389e-30,-0.261905068515742,0.734,0.716,4.39418275267705e-26
"1039","Ext1",2.49262284170489e-30,-0.308954671895203,0.939,0.903,4.51264439262253e-26
"1040","Kitl",4.45334392284187e-29,-0.267086506483159,0.821,0.853,8.06233383791291e-25
"1041","Klf6",2.0732915334898e-28,0.336353969252602,0.898,0.854,3.75348699222993e-24
"1042","BC006965",5.04785110634683e-28,-0.291538981690356,0.939,0.915,9.1386296429303e-24
"1043","Hmox1",6.87406416692984e-28,-0.398701959917908,0.251,0.361,1.24448057678098e-23
"1044","Tspan8",1.73602920182524e-27,-0.29520490232558,0.809,0.783,3.14290726698441e-23
"1045","Tubb4b",2.18784910153806e-27,-0.346717825037985,0.881,0.868,3.9608820134245e-23
"1046","Atp6v1b1",2.19447559821434e-27,-0.347874289361514,0.324,0.425,3.97287862300724e-23
"1047","Nt5e",2.83412771179063e-27,-0.300625166161775,0.417,0.53,5.13090480942575e-23
"1048","Glis3",1.05806331625404e-26,0.283077502032683,0.914,0.849,1.91551782774632e-22
"1049","Plk3",1.31215440673645e-26,0.284532960642723,0.613,0.511,2.37552433795568e-22
"1050","Ifitm3",1.49075200275841e-26,-0.46879990313473,0.959,0.968,2.69885742579382e-22
"1051","Dnajb1",2.60345425116236e-26,0.261308093070633,0.802,0.763,4.71329357630433e-22
"1052","Ccnd2",3.46274686881533e-26,-0.33297049782413,0.097,0.188,6.26895693130327e-22
"1053","Sgk1",5.68500492455766e-26,0.336322042817878,0.778,0.726,1.02921329154192e-21
"1054","Hspa1b",6.15875304485888e-26,0.410531073089096,0.839,0.753,1.11498065124125e-21
"1055","Bhlhe40",1.07954757749002e-25,-0.289894737230591,0.52,0.596,1.95441293428793e-21
"1056","Camk1d",1.96675292188361e-25,0.682549946978224,0.992,0.976,3.56060948977809e-21
"1057","Socs3",5.67175598053696e-23,-0.290831730195845,0.362,0.478,1.02681470271641e-18
"1058","Isyna1",9.04206703453822e-23,-0.256681405548904,0.835,0.817,1.6369758159328e-18
"1059","Glrx",1.13870456292966e-22,-0.258593523059949,0.731,0.725,2.06151074072785e-18
"1060","Nfkbia",6.99097928677957e-22,0.314129547474662,0.916,0.894,1.26564689007857e-17
"1061","Gphn",1.15194388356478e-21,0.39705171486067,0.996,0.989,2.08547920680568e-17
"1062","Cpe",4.76918977603302e-21,-0.289693302181117,0.891,0.899,8.63414117053018e-17
"1063","Malat1",1.14605025475642e-19,0.30352749568048,1,0.997,2.07480938121103e-15
"1064","Ier2",3.72324499801152e-18,0.2548211903887,0.9,0.9,6.74056274440006e-14
"1065","H1f0",3.20866550092618e-17,-0.262882839627215,0.762,0.799,5.80896802287675e-13
"1066","Cebpd",4.62111705501385e-17,-0.363429143178707,0.798,0.801,8.36607031639708e-13
"1067","Dmkn",3.40561775534432e-16,-0.30771039745185,0.302,0.306,6.16553038427536e-12
"1068","Hspb1",1.36574458866118e-15,-0.405380209674608,0.931,0.957,2.47254400331219e-11
"1069","Aqp5",2.6759131255933e-14,-0.431628357782155,0.895,0.868,4.84447312257411e-10
"1070","Hbegf",1.92140087520964e-13,-0.267140147438645,0.468,0.53,3.47850414447954e-09
"1071","Spp1",7.2361196609981e-13,-0.252174721550133,0.979,0.978,1.3100271034271e-08
"1072","Hist1h2ak",8.84862943856735e-13,-0.251274150657917,0.141,0.173,1.60195587355823e-08
"1073","Tmsb4x",2.22922439305329e-12,-0.299621189026453,0.987,0.985,4.03578784118368e-08
"1074","Chil1",2.78405768079357e-12,-0.375045386754883,0.254,0.322,5.04025802530869e-08
"1075","Cmss1",4.4081148449795e-09,0.286559061560118,0.994,0.995,7.98045111535088e-05
